-- phpMyAdmin SQL Dump
-- version 5.2.1
-- https://www.phpmyadmin.net/
--
-- Host: 127.0.0.1
-- Generation Time: Feb 17, 2026 at 06:57 AM
-- Server version: 10.4.32-MariaDB
-- PHP Version: 8.2.12

SET SQL_MODE = "NO_AUTO_VALUE_ON_ZERO";
START TRANSACTION;
SET time_zone = "+00:00";


/*!40101 SET @OLD_CHARACTER_SET_CLIENT=@@CHARACTER_SET_CLIENT */;
/*!40101 SET @OLD_CHARACTER_SET_RESULTS=@@CHARACTER_SET_RESULTS */;
/*!40101 SET @OLD_COLLATION_CONNECTION=@@COLLATION_CONNECTION */;
/*!40101 SET NAMES utf8mb4 */;

--
-- Database: `sexed_db`
--

-- --------------------------------------------------------

--
-- Table structure for table `achievements`
--

CREATE TABLE `achievements` (
  `id` bigint(20) UNSIGNED NOT NULL,
  `title` varchar(255) NOT NULL,
  `description` text DEFAULT NULL,
  `badge_icon` varchar(255) DEFAULT NULL,
  `points` int(11) NOT NULL DEFAULT 0,
  `created_at` timestamp NULL DEFAULT NULL,
  `updated_at` timestamp NULL DEFAULT NULL
) ENGINE=InnoDB DEFAULT CHARSET=utf8mb4 COLLATE=utf8mb4_unicode_ci;

-- --------------------------------------------------------

--
-- Table structure for table `activity_logs`
--

CREATE TABLE `activity_logs` (
  `id` bigint(20) UNSIGNED NOT NULL,
  `user_id` bigint(20) UNSIGNED DEFAULT NULL,
  `activity_type` varchar(100) NOT NULL,
  `description` text DEFAULT NULL,
  `metadata` longtext CHARACTER SET utf8mb4 COLLATE utf8mb4_bin DEFAULT NULL CHECK (json_valid(`metadata`)),
  `ip_address` varchar(45) DEFAULT NULL,
  `user_agent` text DEFAULT NULL,
  `created_at` timestamp NOT NULL DEFAULT current_timestamp() ON UPDATE current_timestamp()
) ENGINE=InnoDB DEFAULT CHARSET=utf8mb4 COLLATE=utf8mb4_unicode_ci;

-- --------------------------------------------------------

--
-- Table structure for table `barangays`
--

CREATE TABLE `barangays` (
  `code` varchar(255) NOT NULL,
  `name` varchar(255) NOT NULL,
  `city_code` varchar(255) NOT NULL,
  `created_at` timestamp NULL DEFAULT NULL,
  `updated_at` timestamp NULL DEFAULT NULL
) ENGINE=InnoDB DEFAULT CHARSET=utf8mb4 COLLATE=utf8mb4_unicode_ci;

--
-- Dumping data for table `barangays`
--

INSERT INTO `barangays` (`code`, `name`, `city_code`, `created_at`, `updated_at`) VALUES
('402101001', 'Amuyong', '402101000', '2026-02-10 22:25:59', '2026-02-10 22:25:59'),
('402101002', 'Barangay I', '402101000', '2026-02-10 22:25:59', '2026-02-10 22:25:59'),
('402101003', 'Barangay II', '402101000', '2026-02-10 22:25:59', '2026-02-10 22:25:59'),
('402101004', 'Barangay III', '402101000', '2026-02-10 22:25:59', '2026-02-10 22:25:59'),
('402101005', 'Barangay IV', '402101000', '2026-02-10 22:25:59', '2026-02-10 22:25:59'),
('402101006', 'Barangay V', '402101000', '2026-02-10 22:25:59', '2026-02-10 22:25:59'),
('402101007', 'Buck Estate', '402101000', '2026-02-10 22:25:59', '2026-02-10 22:25:59'),
('402101008', 'Esperanza Ibaba', '402101000', '2026-02-10 22:25:59', '2026-02-10 22:25:59'),
('402101009', 'Kaytitinga I', '402101000', '2026-02-10 22:25:59', '2026-02-10 22:25:59'),
('402101010', 'Luksuhin', '402101000', '2026-02-10 22:25:59', '2026-02-10 22:25:59'),
('402101011', 'Mangas I', '402101000', '2026-02-10 22:25:59', '2026-02-10 22:25:59'),
('402101012', 'Marahan I', '402101000', '2026-02-10 22:25:59', '2026-02-10 22:25:59'),
('402101013', 'Matagbak I', '402101000', '2026-02-10 22:25:59', '2026-02-10 22:25:59'),
('402101014', 'Pajo', '402101000', '2026-02-10 22:25:59', '2026-02-10 22:25:59'),
('402101016', 'Sikat', '402101000', '2026-02-10 22:25:59', '2026-02-10 22:25:59'),
('402101017', 'Sinaliw Malaki', '402101000', '2026-02-10 22:25:59', '2026-02-10 22:25:59'),
('402101018', 'Sinaliw na Munti', '402101000', '2026-02-10 22:25:59', '2026-02-10 22:25:59'),
('402101019', 'Sulsugin', '402101000', '2026-02-10 22:25:59', '2026-02-10 22:25:59'),
('402101020', 'Taywanak Ibaba', '402101000', '2026-02-10 22:25:59', '2026-02-10 22:25:59'),
('402101021', 'Taywanak Ilaya', '402101000', '2026-02-10 22:25:59', '2026-02-10 22:25:59'),
('402101022', 'Upli', '402101000', '2026-02-10 22:25:59', '2026-02-10 22:25:59'),
('402101023', 'Kaysuyo', '402101000', '2026-02-10 22:25:59', '2026-02-10 22:25:59'),
('402101024', 'Luksuhin Ilaya', '402101000', '2026-02-10 22:25:59', '2026-02-10 22:25:59'),
('402101025', 'Palumlum', '402101000', '2026-02-10 22:25:59', '2026-02-10 22:25:59'),
('402101026', 'Bilog', '402101000', '2026-02-10 22:25:59', '2026-02-10 22:25:59'),
('402101027', 'Esperanza Ilaya', '402101000', '2026-02-10 22:25:59', '2026-02-10 22:25:59'),
('402101028', 'Kaytitinga II', '402101000', '2026-02-10 22:25:59', '2026-02-10 22:25:59'),
('402101029', 'Kaytitinga III', '402101000', '2026-02-10 22:25:59', '2026-02-10 22:25:59'),
('402101030', 'Mangas II', '402101000', '2026-02-10 22:25:59', '2026-02-10 22:25:59'),
('402101031', 'Marahan II', '402101000', '2026-02-10 22:25:59', '2026-02-10 22:25:59'),
('402101032', 'Matagbak II', '402101000', '2026-02-10 22:25:59', '2026-02-10 22:25:59'),
('402101033', 'Santa Teresa', '402101000', '2026-02-10 22:25:59', '2026-02-10 22:25:59'),
('402102001', 'Banaybanay', '402102000', '2026-02-10 22:25:59', '2026-02-10 22:25:59'),
('402102002', 'Bucal', '402102000', '2026-02-10 22:25:59', '2026-02-10 22:25:59'),
('402102003', 'Dagatan', '402102000', '2026-02-10 22:25:59', '2026-02-10 22:25:59'),
('402102004', 'Halang', '402102000', '2026-02-10 22:25:59', '2026-02-10 22:25:59'),
('402102005', 'Loma', '402102000', '2026-02-10 22:25:59', '2026-02-10 22:25:59'),
('402102007', 'Maitim I', '402102000', '2026-02-10 22:25:59', '2026-02-10 22:25:59'),
('402102008', 'Maymangga', '402102000', '2026-02-10 22:25:59', '2026-02-10 22:25:59'),
('402102009', 'Minantok Kanluran', '402102000', '2026-02-10 22:25:59', '2026-02-10 22:25:59'),
('402102010', 'Pangil', '402102000', '2026-02-10 22:25:59', '2026-02-10 22:25:59'),
('402102011', 'Barangay I', '402102000', '2026-02-10 22:25:59', '2026-02-10 22:25:59'),
('402102012', 'Barangay X', '402102000', '2026-02-10 22:25:59', '2026-02-10 22:25:59'),
('402102013', 'Barangay XI', '402102000', '2026-02-10 22:25:59', '2026-02-10 22:25:59'),
('402102014', 'Barangay XII', '402102000', '2026-02-10 22:25:59', '2026-02-10 22:25:59'),
('402102015', 'Barangay II', '402102000', '2026-02-10 22:25:59', '2026-02-10 22:25:59'),
('402102016', 'Barangay III', '402102000', '2026-02-10 22:25:59', '2026-02-10 22:25:59'),
('402102017', 'Barangay IV', '402102000', '2026-02-10 22:25:59', '2026-02-10 22:25:59'),
('402102018', 'Barangay V', '402102000', '2026-02-10 22:25:59', '2026-02-10 22:25:59'),
('402102019', 'Barangay VI', '402102000', '2026-02-10 22:25:59', '2026-02-10 22:25:59'),
('402102020', 'Barangay VII', '402102000', '2026-02-10 22:25:59', '2026-02-10 22:25:59'),
('402102021', 'Barangay VIII', '402102000', '2026-02-10 22:25:59', '2026-02-10 22:25:59'),
('402102022', 'Barangay IX', '402102000', '2026-02-10 22:25:59', '2026-02-10 22:25:59'),
('402102023', 'Salaban', '402102000', '2026-02-10 22:25:59', '2026-02-10 22:25:59'),
('402102024', 'Talon', '402102000', '2026-02-10 22:25:59', '2026-02-10 22:25:59'),
('402102025', 'Tamacan', '402102000', '2026-02-10 22:25:59', '2026-02-10 22:25:59'),
('402102026', 'Buho', '402102000', '2026-02-10 22:25:59', '2026-02-10 22:25:59'),
('402102027', 'Minantok Silangan', '402102000', '2026-02-10 22:25:59', '2026-02-10 22:25:59'),
('402103004', 'Bayanan', '402103000', '2026-02-10 22:25:59', '2026-02-10 22:25:59'),
('402103007', 'Dulong Bayan', '402103000', '2026-02-10 22:25:59', '2026-02-10 22:25:59'),
('402103008', 'Habay I', '402103000', '2026-02-10 22:25:59', '2026-02-10 22:25:59'),
('402103012', 'Maliksi 1', '402103000', '2026-02-10 22:25:59', '2026-02-10 22:25:59'),
('402103013', 'Mambog 1', '402103000', '2026-02-10 22:25:59', '2026-02-10 22:25:59'),
('402103014', 'Molino I', '402103000', '2026-02-10 22:25:59', '2026-02-10 22:25:59'),
('402103018', 'P.F. Espiritu 1', '402103000', '2026-02-10 22:25:59', '2026-02-10 22:25:59'),
('402103020', 'Salinas I', '402103000', '2026-02-10 22:25:59', '2026-02-10 22:25:59'),
('402103021', 'San Nicolas 1', '402103000', '2026-02-10 22:25:59', '2026-02-10 22:25:59'),
('402103026', 'Queens Row Central', '402103000', '2026-02-10 22:25:59', '2026-02-10 22:25:59'),
('402103027', 'Queens Row East', '402103000', '2026-02-10 22:25:59', '2026-02-10 22:25:59'),
('402103028', 'Queens Row West', '402103000', '2026-02-10 22:25:59', '2026-02-10 22:25:59'),
('402103034', 'Habay II', '402103000', '2026-02-10 22:25:59', '2026-02-10 22:25:59'),
('402103036', 'Ligas 2', '402103000', '2026-02-10 22:25:59', '2026-02-10 22:25:59'),
('402103042', 'Mambog 3', '402103000', '2026-02-10 22:25:59', '2026-02-10 22:25:59'),
('402103043', 'Mambog 4', '402103000', '2026-02-10 22:25:59', '2026-02-10 22:25:59'),
('402103045', 'Molino II', '402103000', '2026-02-10 22:25:59', '2026-02-10 22:25:59'),
('402103046', 'Molino III', '402103000', '2026-02-10 22:25:59', '2026-02-10 22:25:59'),
('402103047', 'Molino IV', '402103000', '2026-02-10 22:25:59', '2026-02-10 22:25:59'),
('402103048', 'Molino V', '402103000', '2026-02-10 22:25:59', '2026-02-10 22:25:59'),
('402103049', 'Molino VI', '402103000', '2026-02-10 22:25:59', '2026-02-10 22:25:59'),
('402103050', 'Molino VII', '402103000', '2026-02-10 22:25:59', '2026-02-10 22:25:59'),
('402103055', 'P.F. Espiritu 3', '402103000', '2026-02-10 22:25:59', '2026-02-10 22:25:59'),
('402103058', 'P.F. Espiritu 5', '402103000', '2026-02-10 22:25:59', '2026-02-10 22:25:59'),
('402103059', 'P.F. Espiritu 6', '402103000', '2026-02-10 22:25:59', '2026-02-10 22:25:59'),
('402103064', 'San Nicolas II', '402103000', '2026-02-10 22:25:59', '2026-02-10 22:25:59'),
('402103065', 'San Nicolas III', '402103000', '2026-02-10 22:25:59', '2026-02-10 22:25:59'),
('402103066', 'Talaba 2', '402103000', '2026-02-10 22:25:59', '2026-02-10 22:25:59'),
('402103075', 'Zapote 3', '402103000', '2026-02-10 22:25:59', '2026-02-10 22:25:59'),
('402103076', 'Aniban 1', '402103000', '2026-02-10 22:25:59', '2026-02-10 22:25:59'),
('402103077', 'Aniban 2', '402103000', '2026-02-10 22:25:59', '2026-02-10 22:25:59'),
('402103078', 'Kaingin Digman', '402103000', '2026-02-10 22:25:59', '2026-02-10 22:25:59'),
('402103079', 'Ligas 1', '402103000', '2026-02-10 22:25:59', '2026-02-10 22:25:59'),
('402103080', 'Mabolo', '402103000', '2026-02-10 22:25:59', '2026-02-10 22:25:59'),
('402103081', 'Maliksi 2', '402103000', '2026-02-10 22:25:59', '2026-02-10 22:25:59'),
('402103082', 'Mambog 2', '402103000', '2026-02-10 22:25:59', '2026-02-10 22:25:59'),
('402103083', 'Niog', '402103000', '2026-02-10 22:25:59', '2026-02-10 22:25:59'),
('402103084', 'P.F. Espiritu 2', '402103000', '2026-02-10 22:25:59', '2026-02-10 22:25:59'),
('402103085', 'P.F. Espiritu 4', '402103000', '2026-02-10 22:25:59', '2026-02-10 22:25:59'),
('402103086', 'Poblacion', '402103000', '2026-02-10 22:25:59', '2026-02-10 22:25:59'),
('402103087', 'Real', '402103000', '2026-02-10 22:25:59', '2026-02-10 22:25:59'),
('402103088', 'Salinas 2', '402103000', '2026-02-10 22:25:59', '2026-02-10 22:25:59'),
('402103089', 'Sinbanali', '402103000', '2026-02-10 22:25:59', '2026-02-10 22:25:59'),
('402103090', 'Talaba 1', '402103000', '2026-02-10 22:25:59', '2026-02-10 22:25:59'),
('402103091', 'Talaba 3', '402103000', '2026-02-10 22:25:59', '2026-02-10 22:25:59'),
('402103092', 'Zapote 1', '402103000', '2026-02-10 22:25:59', '2026-02-10 22:25:59'),
('402103093', 'Zapote 2', '402103000', '2026-02-10 22:25:59', '2026-02-10 22:25:59'),
('402104001', 'Bancal', '402104000', '2026-02-10 22:25:59', '2026-02-10 22:25:59'),
('402104006', 'Cabilang Baybay', '402104000', '2026-02-10 22:25:59', '2026-02-10 22:25:59'),
('402104008', 'Lantic', '402104000', '2026-02-10 22:25:59', '2026-02-10 22:25:59'),
('402104009', 'Mabuhay', '402104000', '2026-02-10 22:25:59', '2026-02-10 22:25:59'),
('402104010', 'Maduya', '402104000', '2026-02-10 22:25:59', '2026-02-10 22:25:59'),
('402104011', 'Milagrosa', '402104000', '2026-02-10 22:25:59', '2026-02-10 22:25:59'),
('402104012', 'Barangay 1', '402104000', '2026-02-10 22:25:59', '2026-02-10 22:25:59'),
('402104013', 'Barangay 2', '402104000', '2026-02-10 22:25:59', '2026-02-10 22:25:59'),
('402104014', 'Barangay 3', '402104000', '2026-02-10 22:25:59', '2026-02-10 22:25:59'),
('402104015', 'Barangay 4', '402104000', '2026-02-10 22:25:59', '2026-02-10 22:25:59'),
('402104016', 'Barangay 5', '402104000', '2026-02-10 22:25:59', '2026-02-10 22:25:59'),
('402104017', 'Barangay 6', '402104000', '2026-02-10 22:25:59', '2026-02-10 22:25:59'),
('402104018', 'Barangay 7', '402104000', '2026-02-10 22:25:59', '2026-02-10 22:25:59'),
('402104019', 'Barangay 8', '402104000', '2026-02-10 22:25:59', '2026-02-10 22:25:59'),
('402105001', 'Barangay 1', '402105000', '2026-02-10 22:25:59', '2026-02-10 22:25:59'),
('402105002', 'Barangay 10', '402105000', '2026-02-10 22:25:59', '2026-02-10 22:25:59'),
('402105003', 'Barangay 2', '402105000', '2026-02-10 22:25:59', '2026-02-10 22:25:59'),
('402105004', 'Barangay 11', '402105000', '2026-02-10 22:25:59', '2026-02-10 22:25:59'),
('402105005', 'Barangay 12', '402105000', '2026-02-10 22:25:59', '2026-02-10 22:25:59'),
('402105006', 'Barangay 13', '402105000', '2026-02-10 22:25:59', '2026-02-10 22:25:59'),
('402105007', 'Barangay 14', '402105000', '2026-02-10 22:25:59', '2026-02-10 22:25:59'),
('402105008', 'Barangay 15', '402105000', '2026-02-10 22:25:59', '2026-02-10 22:25:59'),
('402105009', 'Barangay 16', '402105000', '2026-02-10 22:25:59', '2026-02-10 22:25:59'),
('402105010', 'Barangay 17', '402105000', '2026-02-10 22:25:59', '2026-02-10 22:25:59'),
('402105011', 'Barangay 18', '402105000', '2026-02-10 22:25:59', '2026-02-10 22:25:59'),
('402105012', 'Barangay 19', '402105000', '2026-02-10 22:25:59', '2026-02-10 22:25:59'),
('402105013', 'Barangay 20', '402105000', '2026-02-10 22:25:59', '2026-02-10 22:25:59'),
('402105014', 'Barangay 21', '402105000', '2026-02-10 22:25:59', '2026-02-10 22:25:59'),
('402105015', 'Barangay 22', '402105000', '2026-02-10 22:25:59', '2026-02-10 22:25:59'),
('402105016', 'Barangay 23', '402105000', '2026-02-10 22:25:59', '2026-02-10 22:25:59'),
('402105017', 'Barangay 24', '402105000', '2026-02-10 22:25:59', '2026-02-10 22:25:59'),
('402105018', 'Barangay 25', '402105000', '2026-02-10 22:25:59', '2026-02-10 22:25:59'),
('402105019', 'Barangay 26', '402105000', '2026-02-10 22:25:59', '2026-02-10 22:25:59'),
('402105020', 'Barangay 27', '402105000', '2026-02-10 22:25:59', '2026-02-10 22:25:59'),
('402105021', 'Barangay 28', '402105000', '2026-02-10 22:25:59', '2026-02-10 22:25:59'),
('402105022', 'Barangay 29', '402105000', '2026-02-10 22:25:59', '2026-02-10 22:25:59'),
('402105023', 'Barangay 3', '402105000', '2026-02-10 22:25:59', '2026-02-10 22:25:59'),
('402105024', 'Barangay 30', '402105000', '2026-02-10 22:25:59', '2026-02-10 22:25:59'),
('402105025', 'Barangay 31', '402105000', '2026-02-10 22:25:59', '2026-02-10 22:25:59'),
('402105026', 'Barangay 32', '402105000', '2026-02-10 22:25:59', '2026-02-10 22:25:59'),
('402105027', 'Barangay 33', '402105000', '2026-02-10 22:25:59', '2026-02-10 22:25:59'),
('402105028', 'Barangay 34', '402105000', '2026-02-10 22:25:59', '2026-02-10 22:25:59'),
('402105029', 'Barangay 35', '402105000', '2026-02-10 22:25:59', '2026-02-10 22:25:59'),
('402105030', 'Barangay 36', '402105000', '2026-02-10 22:25:59', '2026-02-10 22:25:59'),
('402105031', 'Barangay 37', '402105000', '2026-02-10 22:25:59', '2026-02-10 22:25:59'),
('402105032', 'Barangay 38', '402105000', '2026-02-10 22:25:59', '2026-02-10 22:25:59'),
('402105033', 'Barangay 39', '402105000', '2026-02-10 22:25:59', '2026-02-10 22:25:59'),
('402105034', 'Barangay 4', '402105000', '2026-02-10 22:25:59', '2026-02-10 22:25:59'),
('402105035', 'Barangay 40', '402105000', '2026-02-10 22:25:59', '2026-02-10 22:25:59'),
('402105036', 'Barangay 41', '402105000', '2026-02-10 22:25:59', '2026-02-10 22:25:59'),
('402105037', 'Barangay 42', '402105000', '2026-02-10 22:25:59', '2026-02-10 22:25:59'),
('402105038', 'Barangay 43', '402105000', '2026-02-10 22:25:59', '2026-02-10 22:25:59'),
('402105039', 'Barangay 44', '402105000', '2026-02-10 22:25:59', '2026-02-10 22:25:59'),
('402105040', 'Barangay 45', '402105000', '2026-02-10 22:25:59', '2026-02-10 22:25:59'),
('402105041', 'Barangay 46', '402105000', '2026-02-10 22:25:59', '2026-02-10 22:25:59'),
('402105042', 'Barangay 47', '402105000', '2026-02-10 22:25:59', '2026-02-10 22:25:59'),
('402105043', 'Barangay 48', '402105000', '2026-02-10 22:25:59', '2026-02-10 22:25:59'),
('402105044', 'Barangay 49', '402105000', '2026-02-10 22:25:59', '2026-02-10 22:25:59'),
('402105045', 'Barangay 5', '402105000', '2026-02-10 22:25:59', '2026-02-10 22:25:59'),
('402105046', 'Barangay 50', '402105000', '2026-02-10 22:25:59', '2026-02-10 22:25:59'),
('402105047', 'Barangay 51', '402105000', '2026-02-10 22:25:59', '2026-02-10 22:25:59'),
('402105048', 'Barangay 52', '402105000', '2026-02-10 22:25:59', '2026-02-10 22:25:59'),
('402105049', 'Barangay 53', '402105000', '2026-02-10 22:25:59', '2026-02-10 22:25:59'),
('402105050', 'Barangay 54', '402105000', '2026-02-10 22:25:59', '2026-02-10 22:25:59'),
('402105051', 'Barangay 55', '402105000', '2026-02-10 22:25:59', '2026-02-10 22:25:59'),
('402105052', 'Barangay 56', '402105000', '2026-02-10 22:25:59', '2026-02-10 22:25:59'),
('402105053', 'Barangay 57', '402105000', '2026-02-10 22:25:59', '2026-02-10 22:25:59'),
('402105054', 'Barangay 58', '402105000', '2026-02-10 22:25:59', '2026-02-10 22:25:59'),
('402105055', 'Barangay 59', '402105000', '2026-02-10 22:25:59', '2026-02-10 22:25:59'),
('402105056', 'Barangay 6', '402105000', '2026-02-10 22:25:59', '2026-02-10 22:25:59'),
('402105057', 'Barangay 60', '402105000', '2026-02-10 22:25:59', '2026-02-10 22:25:59'),
('402105058', 'Barangay 61', '402105000', '2026-02-10 22:25:59', '2026-02-10 22:25:59'),
('402105059', 'Barangay 62', '402105000', '2026-02-10 22:25:59', '2026-02-10 22:25:59'),
('402105060', 'Barangay 7', '402105000', '2026-02-10 22:25:59', '2026-02-10 22:25:59'),
('402105061', 'Barangay 8', '402105000', '2026-02-10 22:25:59', '2026-02-10 22:25:59'),
('402105062', 'Barangay 9', '402105000', '2026-02-10 22:25:59', '2026-02-10 22:25:59'),
('402105063', 'Barangay 10-A', '402105000', '2026-02-10 22:25:59', '2026-02-10 22:25:59'),
('402105064', 'Barangay 10-B', '402105000', '2026-02-10 22:25:59', '2026-02-10 22:25:59'),
('402105065', 'Barangay 22-A', '402105000', '2026-02-10 22:25:59', '2026-02-10 22:25:59'),
('402105066', 'Barangay 29-A', '402105000', '2026-02-10 22:25:59', '2026-02-10 22:25:59'),
('402105067', 'Barangay 36-A', '402105000', '2026-02-10 22:25:59', '2026-02-10 22:25:59'),
('402105068', 'Barangay 37-A', '402105000', '2026-02-10 22:25:59', '2026-02-10 22:25:59'),
('402105069', 'Barangay 38-A', '402105000', '2026-02-10 22:25:59', '2026-02-10 22:25:59'),
('402105070', 'Barangay 42-A', '402105000', '2026-02-10 22:25:59', '2026-02-10 22:25:59'),
('402105071', 'Barangay 42-B', '402105000', '2026-02-10 22:25:59', '2026-02-10 22:25:59'),
('402105072', 'Barangay 42-C', '402105000', '2026-02-10 22:25:59', '2026-02-10 22:25:59'),
('402105073', 'Barangay 45-A', '402105000', '2026-02-10 22:25:59', '2026-02-10 22:25:59'),
('402105074', 'Barangay 47-A', '402105000', '2026-02-10 22:25:59', '2026-02-10 22:25:59'),
('402105075', 'Barangay 47-B', '402105000', '2026-02-10 22:25:59', '2026-02-10 22:25:59'),
('402105076', 'Barangay 48-A', '402105000', '2026-02-10 22:25:59', '2026-02-10 22:25:59'),
('402105077', 'Barangay 49-A', '402105000', '2026-02-10 22:25:59', '2026-02-10 22:25:59'),
('402105078', 'Barangay 53-A', '402105000', '2026-02-10 22:25:59', '2026-02-10 22:25:59'),
('402105079', 'Barangay 53-B', '402105000', '2026-02-10 22:25:59', '2026-02-10 22:25:59'),
('402105080', 'Barangay 54-A', '402105000', '2026-02-10 22:25:59', '2026-02-10 22:25:59'),
('402105081', 'Barangay 58-A', '402105000', '2026-02-10 22:25:59', '2026-02-10 22:25:59'),
('402105082', 'Barangay 61-A', '402105000', '2026-02-10 22:25:59', '2026-02-10 22:25:59'),
('402105083', 'Barangay 62-A', '402105000', '2026-02-10 22:25:59', '2026-02-10 22:25:59'),
('402105084', 'Barangay 62-B', '402105000', '2026-02-10 22:25:59', '2026-02-10 22:25:59'),
('402106003', 'Burol', '402106000', '2026-02-10 22:25:59', '2026-02-10 22:25:59'),
('402106005', 'Langkaan I', '402106000', '2026-02-10 22:25:59', '2026-02-10 22:25:59'),
('402106008', 'Paliparan I', '402106000', '2026-02-10 22:25:59', '2026-02-10 22:25:59'),
('402106010', 'Sabang', '402106000', '2026-02-10 22:25:59', '2026-02-10 22:25:59'),
('402106011', 'Salawag', '402106000', '2026-02-10 22:25:59', '2026-02-10 22:25:59'),
('402106012', 'Salitran I', '402106000', '2026-02-10 22:25:59', '2026-02-10 22:25:59'),
('402106013', 'Sampaloc I', '402106000', '2026-02-10 22:25:59', '2026-02-10 22:25:59'),
('402106014', 'San Agustin I', '402106000', '2026-02-10 22:25:59', '2026-02-10 22:25:59'),
('402106015', 'San Jose', '402106000', '2026-02-10 22:25:59', '2026-02-10 22:25:59'),
('402106016', 'Zone I', '402106000', '2026-02-10 22:25:59', '2026-02-10 22:25:59'),
('402106017', 'Zone II', '402106000', '2026-02-10 22:25:59', '2026-02-10 22:25:59'),
('402106018', 'Zone III', '402106000', '2026-02-10 22:25:59', '2026-02-10 22:25:59'),
('402106019', 'Zone IV', '402106000', '2026-02-10 22:25:59', '2026-02-10 22:25:59'),
('402106020', 'Datu Esmael', '402106000', '2026-02-10 22:25:59', '2026-02-10 22:25:59'),
('402106021', 'Emmanuel Bergado I', '402106000', '2026-02-10 22:25:59', '2026-02-10 22:25:59'),
('402106022', 'Fatima I', '402106000', '2026-02-10 22:25:59', '2026-02-10 22:25:59'),
('402106023', 'Luzviminda I', '402106000', '2026-02-10 22:25:59', '2026-02-10 22:25:59'),
('402106024', 'Saint Peter I', '402106000', '2026-02-10 22:25:59', '2026-02-10 22:25:59'),
('402106025', 'San Andres I', '402106000', '2026-02-10 22:25:59', '2026-02-10 22:25:59'),
('402106026', 'San Antonio De Padua I', '402106000', '2026-02-10 22:25:59', '2026-02-10 22:25:59'),
('402106027', 'San Dionisio', '402106000', '2026-02-10 22:25:59', '2026-02-10 22:25:59'),
('402106028', 'San Esteban', '402106000', '2026-02-10 22:25:59', '2026-02-10 22:25:59'),
('402106029', 'San Francisco I', '402106000', '2026-02-10 22:25:59', '2026-02-10 22:25:59'),
('402106030', 'San Isidro Labrador I', '402106000', '2026-02-10 22:25:59', '2026-02-10 22:25:59'),
('402106031', 'San Juan', '402106000', '2026-02-10 22:25:59', '2026-02-10 22:25:59'),
('402106032', 'San Lorenzo Ruiz I', '402106000', '2026-02-10 22:25:59', '2026-02-10 22:25:59'),
('402106033', 'San Luis I', '402106000', '2026-02-10 22:25:59', '2026-02-10 22:25:59'),
('402106034', 'San Manuel I', '402106000', '2026-02-10 22:25:59', '2026-02-10 22:25:59'),
('402106035', 'San Mateo', '402106000', '2026-02-10 22:25:59', '2026-02-10 22:25:59'),
('402106036', 'San Miguel', '402106000', '2026-02-10 22:25:59', '2026-02-10 22:25:59'),
('402106037', 'San Nicolas I', '402106000', '2026-02-10 22:25:59', '2026-02-10 22:25:59'),
('402106038', 'San Roque', '402106000', '2026-02-10 22:25:59', '2026-02-10 22:25:59'),
('402106039', 'San Simon', '402106000', '2026-02-10 22:25:59', '2026-02-10 22:25:59'),
('402106040', 'Santa Cristina I', '402106000', '2026-02-10 22:25:59', '2026-02-10 22:25:59'),
('402106041', 'Santa Cruz I', '402106000', '2026-02-10 22:25:59', '2026-02-10 22:25:59'),
('402106042', 'Santa Fe', '402106000', '2026-02-10 22:25:59', '2026-02-10 22:25:59'),
('402106043', 'Santa Lucia', '402106000', '2026-02-10 22:25:59', '2026-02-10 22:25:59'),
('402106044', 'Santa Maria', '402106000', '2026-02-10 22:25:59', '2026-02-10 22:25:59'),
('402106045', 'Santo Cristo', '402106000', '2026-02-10 22:25:59', '2026-02-10 22:25:59'),
('402106046', 'Santo Niño I', '402106000', '2026-02-10 22:25:59', '2026-02-10 22:25:59'),
('402106047', 'Burol I', '402106000', '2026-02-10 22:25:59', '2026-02-10 22:25:59'),
('402106048', 'Burol II', '402106000', '2026-02-10 22:25:59', '2026-02-10 22:25:59'),
('402106049', 'Burol III', '402106000', '2026-02-10 22:25:59', '2026-02-10 22:25:59'),
('402106050', 'Emmanuel Bergado II', '402106000', '2026-02-10 22:25:59', '2026-02-10 22:25:59'),
('402106051', 'Fatima II', '402106000', '2026-02-10 22:25:59', '2026-02-10 22:25:59'),
('402106052', 'Fatima III', '402106000', '2026-02-10 22:25:59', '2026-02-10 22:25:59'),
('402106053', 'Langkaan II', '402106000', '2026-02-10 22:25:59', '2026-02-10 22:25:59'),
('402106054', 'Luzviminda II', '402106000', '2026-02-10 22:25:59', '2026-02-10 22:25:59'),
('402106055', 'Paliparan II', '402106000', '2026-02-10 22:25:59', '2026-02-10 22:25:59'),
('402106056', 'Paliparan III', '402106000', '2026-02-10 22:25:59', '2026-02-10 22:25:59'),
('402106057', 'Saint Peter II', '402106000', '2026-02-10 22:25:59', '2026-02-10 22:25:59'),
('402106058', 'Salitran II', '402106000', '2026-02-10 22:25:59', '2026-02-10 22:25:59'),
('402106059', 'Salitran III', '402106000', '2026-02-10 22:25:59', '2026-02-10 22:25:59'),
('402106060', 'Salitran IV', '402106000', '2026-02-10 22:25:59', '2026-02-10 22:25:59'),
('402106061', 'Sampaloc II', '402106000', '2026-02-10 22:25:59', '2026-02-10 22:25:59'),
('402106062', 'Sampaloc III', '402106000', '2026-02-10 22:25:59', '2026-02-10 22:25:59'),
('402106063', 'Sampaloc IV', '402106000', '2026-02-10 22:25:59', '2026-02-10 22:25:59'),
('402106064', 'Sampaloc V', '402106000', '2026-02-10 22:25:59', '2026-02-10 22:25:59'),
('402106065', 'San Agustin II', '402106000', '2026-02-10 22:25:59', '2026-02-10 22:25:59'),
('402106066', 'San Agustin III', '402106000', '2026-02-10 22:25:59', '2026-02-10 22:25:59'),
('402106067', 'San Andres II', '402106000', '2026-02-10 22:25:59', '2026-02-10 22:25:59'),
('402106068', 'San Antonio De Padua II', '402106000', '2026-02-10 22:25:59', '2026-02-10 22:25:59'),
('402106069', 'San Francisco II', '402106000', '2026-02-10 22:25:59', '2026-02-10 22:25:59'),
('402106070', 'San Isidro Labrador II', '402106000', '2026-02-10 22:25:59', '2026-02-10 22:25:59'),
('402106071', 'San Lorenzo Ruiz II', '402106000', '2026-02-10 22:25:59', '2026-02-10 22:25:59'),
('402106072', 'San Luis II', '402106000', '2026-02-10 22:25:59', '2026-02-10 22:25:59'),
('402106073', 'San Manuel II', '402106000', '2026-02-10 22:25:59', '2026-02-10 22:25:59'),
('402106074', 'San Miguel II', '402106000', '2026-02-10 22:25:59', '2026-02-10 22:25:59'),
('402106075', 'San Nicolas II', '402106000', '2026-02-10 22:25:59', '2026-02-10 22:25:59'),
('402106076', 'Santa Cristina II', '402106000', '2026-02-10 22:25:59', '2026-02-10 22:25:59'),
('402106077', 'Santa Cruz II', '402106000', '2026-02-10 22:25:59', '2026-02-10 22:25:59'),
('402106078', 'Santo Niño II', '402106000', '2026-02-10 22:25:59', '2026-02-10 22:25:59'),
('402106079', 'Zone I-B', '402106000', '2026-02-10 22:25:59', '2026-02-10 22:25:59'),
('402106080', 'H-2', '402106000', '2026-02-10 22:25:59', '2026-02-10 22:25:59'),
('402106081', 'Victoria Reyes', '402106000', '2026-02-10 22:25:59', '2026-02-10 22:25:59'),
('402107001', 'A. Dalusag', '402107000', '2026-02-10 22:25:59', '2026-02-10 22:25:59'),
('402107002', 'Batas Dao', '402107000', '2026-02-10 22:25:59', '2026-02-10 22:25:59'),
('402107003', 'Castaños Cerca', '402107000', '2026-02-10 22:25:59', '2026-02-10 22:25:59'),
('402107004', 'Castaños Lejos', '402107000', '2026-02-10 22:25:59', '2026-02-10 22:25:59'),
('402107005', 'Kabulusan', '402107000', '2026-02-10 22:25:59', '2026-02-10 22:25:59'),
('402107006', 'Kaymisas', '402107000', '2026-02-10 22:25:59', '2026-02-10 22:25:59'),
('402107007', 'Kaypaaba', '402107000', '2026-02-10 22:25:59', '2026-02-10 22:25:59'),
('402107008', 'Lumipa', '402107000', '2026-02-10 22:25:59', '2026-02-10 22:25:59'),
('402107009', 'Narvaez', '402107000', '2026-02-10 22:25:59', '2026-02-10 22:25:59'),
('402107010', 'Poblacion I', '402107000', '2026-02-10 22:25:59', '2026-02-10 22:25:59'),
('402107011', 'Tabora', '402107000', '2026-02-10 22:25:59', '2026-02-10 22:25:59'),
('402107012', 'Poblacion II', '402107000', '2026-02-10 22:25:59', '2026-02-10 22:25:59'),
('402107013', 'Poblacion III', '402107000', '2026-02-10 22:25:59', '2026-02-10 22:25:59'),
('402107014', 'Poblacion IV', '402107000', '2026-02-10 22:25:59', '2026-02-10 22:25:59'),
('402108001', 'Alingaro', '402108000', '2026-02-10 22:25:59', '2026-02-10 22:25:59'),
('402108002', 'Bacao I', '402108000', '2026-02-10 22:25:59', '2026-02-10 22:25:59'),
('402108003', 'Gov. Ferrer Pob.', '402108000', '2026-02-10 22:25:59', '2026-02-10 22:25:59'),
('402108004', 'Sampalucan Pob.', '402108000', '2026-02-10 22:25:59', '2026-02-10 22:25:59'),
('402108005', 'Dulong Bayan Pob.', '402108000', '2026-02-10 22:25:59', '2026-02-10 22:25:59'),
('402108006', 'San Gabriel Pob.', '402108000', '2026-02-10 22:25:59', '2026-02-10 22:25:59'),
('402108007', 'Bagumbayan Pob.', '402108000', '2026-02-10 22:25:59', '2026-02-10 22:25:59'),
('402108008', 'Vibora Pob.', '402108000', '2026-02-10 22:25:59', '2026-02-10 22:25:59'),
('402108009', 'Ninety Sixth Pob.', '402108000', '2026-02-10 22:25:59', '2026-02-10 22:25:59'),
('402108010', 'Prinza Pob.', '402108000', '2026-02-10 22:25:59', '2026-02-10 22:25:59'),
('402108011', 'Biclatan', '402108000', '2026-02-10 22:25:59', '2026-02-10 22:25:59'),
('402108012', 'Buenavista I', '402108000', '2026-02-10 22:25:59', '2026-02-10 22:25:59'),
('402108013', 'Corregidor Pob.', '402108000', '2026-02-10 22:25:59', '2026-02-10 22:25:59'),
('402108014', 'Javalera', '402108000', '2026-02-10 22:25:59', '2026-02-10 22:25:59'),
('402108015', 'Manggahan', '402108000', '2026-02-10 22:25:59', '2026-02-10 22:25:59'),
('402108016', 'Navarro', '402108000', '2026-02-10 22:25:59', '2026-02-10 22:25:59'),
('402108017', 'Panungyanan', '402108000', '2026-02-10 22:25:59', '2026-02-10 22:25:59'),
('402108018', 'Pasong Camachile I', '402108000', '2026-02-10 22:25:59', '2026-02-10 22:25:59'),
('402108020', 'Pasong Kawayan I', '402108000', '2026-02-10 22:25:59', '2026-02-10 22:25:59'),
('402108021', 'Pasong Kawayan II', '402108000', '2026-02-10 22:25:59', '2026-02-10 22:25:59'),
('402108022', 'Pinagtipunan', '402108000', '2026-02-10 22:25:59', '2026-02-10 22:25:59'),
('402108023', 'San Francisco', '402108000', '2026-02-10 22:25:59', '2026-02-10 22:25:59'),
('402108025', 'San Juan I', '402108000', '2026-02-10 22:25:59', '2026-02-10 22:25:59'),
('402108026', 'Santa Clara', '402108000', '2026-02-10 22:25:59', '2026-02-10 22:25:59'),
('402108027', 'Santiago', '402108000', '2026-02-10 22:25:59', '2026-02-10 22:25:59'),
('402108028', 'Tapia', '402108000', '2026-02-10 22:25:59', '2026-02-10 22:25:59'),
('402108029', 'Tejero', '402108000', '2026-02-10 22:25:59', '2026-02-10 22:25:59'),
('402108030', 'Arnaldo Pob.', '402108000', '2026-02-10 22:25:59', '2026-02-10 22:25:59'),
('402108031', 'Bacao II', '402108000', '2026-02-10 22:25:59', '2026-02-10 22:25:59'),
('402108032', 'Buenavista II', '402108000', '2026-02-10 22:25:59', '2026-02-10 22:25:59'),
('402108033', 'Buenavista III', '402108000', '2026-02-10 22:25:59', '2026-02-10 22:25:59'),
('402108034', 'Pasong Camachile II', '402108000', '2026-02-10 22:25:59', '2026-02-10 22:25:59'),
('402108035', 'San Juan II', '402108000', '2026-02-10 22:25:59', '2026-02-10 22:25:59'),
('402109001', 'Alapan I-A', '402109000', '2026-02-10 22:25:59', '2026-02-10 22:25:59'),
('402109002', 'Alapan II-A', '402109000', '2026-02-10 22:25:59', '2026-02-10 22:25:59'),
('402109003', 'Anabu I-A', '402109000', '2026-02-10 22:25:59', '2026-02-10 22:25:59'),
('402109004', 'Anabu II-A', '402109000', '2026-02-10 22:25:59', '2026-02-10 22:25:59'),
('402109006', 'Poblacion I-A', '402109000', '2026-02-10 22:25:59', '2026-02-10 22:25:59'),
('402109007', 'Poblacion II-A', '402109000', '2026-02-10 22:25:59', '2026-02-10 22:25:59'),
('402109008', 'Poblacion III-A', '402109000', '2026-02-10 22:25:59', '2026-02-10 22:25:59'),
('402109009', 'Poblacion IV-A', '402109000', '2026-02-10 22:25:59', '2026-02-10 22:25:59'),
('402109010', 'Bayan Luma I', '402109000', '2026-02-10 22:25:59', '2026-02-10 22:25:59'),
('402109011', 'Bucandala I', '402109000', '2026-02-10 22:25:59', '2026-02-10 22:25:59'),
('402109012', 'Carsadang Bago I', '402109000', '2026-02-10 22:25:59', '2026-02-10 22:25:59'),
('402109014', 'Malagasang I-A', '402109000', '2026-02-10 22:25:59', '2026-02-10 22:25:59'),
('402109015', 'Malagasang II-A', '402109000', '2026-02-10 22:25:59', '2026-02-10 22:25:59'),
('402109016', 'Medicion I-A', '402109000', '2026-02-10 22:25:59', '2026-02-10 22:25:59'),
('402109017', 'Medicion II-A', '402109000', '2026-02-10 22:25:59', '2026-02-10 22:25:59'),
('402109018', 'Pag-Asa I', '402109000', '2026-02-10 22:25:59', '2026-02-10 22:25:59'),
('402109019', 'Palico I', '402109000', '2026-02-10 22:25:59', '2026-02-10 22:25:59'),
('402109020', 'Pasong Buaya I', '402109000', '2026-02-10 22:25:59', '2026-02-10 22:25:59'),
('402109022', 'Tanzang Luma I', '402109000', '2026-02-10 22:25:59', '2026-02-10 22:25:59'),
('402109024', 'Toclong I-A', '402109000', '2026-02-10 22:25:59', '2026-02-10 22:25:59'),
('402109025', 'Toclong II-A', '402109000', '2026-02-10 22:25:59', '2026-02-10 22:25:59'),
('402109026', 'Alapan I-B', '402109000', '2026-02-10 22:25:59', '2026-02-10 22:25:59'),
('402109027', 'Alapan I-C', '402109000', '2026-02-10 22:25:59', '2026-02-10 22:25:59'),
('402109028', 'Alapan II-B', '402109000', '2026-02-10 22:25:59', '2026-02-10 22:25:59'),
('402109029', 'Anabu I-B', '402109000', '2026-02-10 22:25:59', '2026-02-10 22:25:59'),
('402109030', 'Anabu I-C', '402109000', '2026-02-10 22:25:59', '2026-02-10 22:25:59'),
('402109031', 'Anabu I-D', '402109000', '2026-02-10 22:25:59', '2026-02-10 22:25:59'),
('402109032', 'Anabu I-E', '402109000', '2026-02-10 22:25:59', '2026-02-10 22:25:59'),
('402109033', 'Anabu I-F', '402109000', '2026-02-10 22:25:59', '2026-02-10 22:25:59'),
('402109034', 'Anabu I-G', '402109000', '2026-02-10 22:25:59', '2026-02-10 22:25:59'),
('402109035', 'Anabu II-B', '402109000', '2026-02-10 22:25:59', '2026-02-10 22:25:59'),
('402109036', 'Anabu II-C', '402109000', '2026-02-10 22:25:59', '2026-02-10 22:25:59'),
('402109037', 'Anabu II-D', '402109000', '2026-02-10 22:25:59', '2026-02-10 22:25:59'),
('402109038', 'Anabu II-E', '402109000', '2026-02-10 22:25:59', '2026-02-10 22:25:59'),
('402109039', 'Anabu II-F', '402109000', '2026-02-10 22:25:59', '2026-02-10 22:25:59'),
('402109040', 'Bagong Silang', '402109000', '2026-02-10 22:25:59', '2026-02-10 22:25:59'),
('402109041', 'Bayan Luma II', '402109000', '2026-02-10 22:25:59', '2026-02-10 22:25:59'),
('402109042', 'Bayan Luma III', '402109000', '2026-02-10 22:25:59', '2026-02-10 22:25:59'),
('402109043', 'Bayan Luma IV', '402109000', '2026-02-10 22:25:59', '2026-02-10 22:25:59'),
('402109044', 'Bayan Luma V', '402109000', '2026-02-10 22:25:59', '2026-02-10 22:25:59'),
('402109045', 'Bayan Luma VI', '402109000', '2026-02-10 22:25:59', '2026-02-10 22:25:59'),
('402109046', 'Bayan Luma VII', '402109000', '2026-02-10 22:25:59', '2026-02-10 22:25:59'),
('402109047', 'Bayan Luma VIII', '402109000', '2026-02-10 22:25:59', '2026-02-10 22:25:59'),
('402109048', 'Bayan Luma IX', '402109000', '2026-02-10 22:25:59', '2026-02-10 22:25:59'),
('402109049', 'Bucandala II', '402109000', '2026-02-10 22:25:59', '2026-02-10 22:25:59'),
('402109050', 'Bucandala III', '402109000', '2026-02-10 22:25:59', '2026-02-10 22:25:59'),
('402109051', 'Bucandala IV', '402109000', '2026-02-10 22:25:59', '2026-02-10 22:25:59'),
('402109052', 'Bucandala V', '402109000', '2026-02-10 22:25:59', '2026-02-10 22:25:59'),
('402109053', 'Buhay na Tubig', '402109000', '2026-02-10 22:25:59', '2026-02-10 22:25:59'),
('402109054', 'Carsadang Bago II', '402109000', '2026-02-10 22:25:59', '2026-02-10 22:25:59'),
('402109055', 'Magdalo', '402109000', '2026-02-10 22:25:59', '2026-02-10 22:25:59'),
('402109056', 'Maharlika', '402109000', '2026-02-10 22:25:59', '2026-02-10 22:25:59'),
('402109057', 'Malagasang I-B', '402109000', '2026-02-10 22:25:59', '2026-02-10 22:25:59'),
('402109058', 'Malagasang I-C', '402109000', '2026-02-10 22:25:59', '2026-02-10 22:25:59'),
('402109059', 'Malagasang I-D', '402109000', '2026-02-10 22:25:59', '2026-02-10 22:25:59'),
('402109060', 'Malagasang I-E', '402109000', '2026-02-10 22:25:59', '2026-02-10 22:25:59'),
('402109061', 'Malagasang I-F', '402109000', '2026-02-10 22:25:59', '2026-02-10 22:25:59'),
('402109062', 'Malagasang I-G', '402109000', '2026-02-10 22:25:59', '2026-02-10 22:25:59'),
('402109063', 'Malagasang II-B', '402109000', '2026-02-10 22:25:59', '2026-02-10 22:25:59'),
('402109064', 'Malagasang II-C', '402109000', '2026-02-10 22:25:59', '2026-02-10 22:25:59'),
('402109065', 'Malagasang II-D', '402109000', '2026-02-10 22:25:59', '2026-02-10 22:25:59'),
('402109066', 'Malagasang II-E', '402109000', '2026-02-10 22:25:59', '2026-02-10 22:25:59'),
('402109067', 'Malagasang II-F', '402109000', '2026-02-10 22:25:59', '2026-02-10 22:25:59'),
('402109068', 'Malagasang II-G', '402109000', '2026-02-10 22:25:59', '2026-02-10 22:25:59'),
('402109069', 'Mariano Espeleta I', '402109000', '2026-02-10 22:25:59', '2026-02-10 22:25:59'),
('402109070', 'Mariano Espeleta II', '402109000', '2026-02-10 22:25:59', '2026-02-10 22:25:59'),
('402109071', 'Mariano Espeleta III', '402109000', '2026-02-10 22:25:59', '2026-02-10 22:25:59'),
('402109072', 'Medicion I-B', '402109000', '2026-02-10 22:25:59', '2026-02-10 22:25:59'),
('402109073', 'Medicion I-C', '402109000', '2026-02-10 22:25:59', '2026-02-10 22:25:59'),
('402109074', 'Medicion I-D', '402109000', '2026-02-10 22:25:59', '2026-02-10 22:25:59'),
('402109075', 'Medicion II-B', '402109000', '2026-02-10 22:25:59', '2026-02-10 22:25:59'),
('402109076', 'Medicion II-C', '402109000', '2026-02-10 22:25:59', '2026-02-10 22:25:59'),
('402109077', 'Medicion II-D', '402109000', '2026-02-10 22:25:59', '2026-02-10 22:25:59'),
('402109078', 'Medicion II-E', '402109000', '2026-02-10 22:25:59', '2026-02-10 22:25:59'),
('402109079', 'Medicion II-F', '402109000', '2026-02-10 22:25:59', '2026-02-10 22:25:59'),
('402109080', 'Pag-Asa II', '402109000', '2026-02-10 22:25:59', '2026-02-10 22:25:59'),
('402109081', 'Pag-Asa III', '402109000', '2026-02-10 22:25:59', '2026-02-10 22:25:59'),
('402109082', 'Palico II', '402109000', '2026-02-10 22:25:59', '2026-02-10 22:25:59'),
('402109083', 'Palico III', '402109000', '2026-02-10 22:25:59', '2026-02-10 22:25:59'),
('402109084', 'Palico IV', '402109000', '2026-02-10 22:25:59', '2026-02-10 22:25:59'),
('402109085', 'Pasong Buaya II', '402109000', '2026-02-10 22:25:59', '2026-02-10 22:25:59'),
('402109086', 'Pinagbuklod', '402109000', '2026-02-10 22:25:59', '2026-02-10 22:25:59'),
('402109087', 'Poblacion I-B', '402109000', '2026-02-10 22:25:59', '2026-02-10 22:25:59'),
('402109088', 'Poblacion I-C', '402109000', '2026-02-10 22:25:59', '2026-02-10 22:25:59'),
('402109089', 'Poblacion II-B', '402109000', '2026-02-10 22:25:59', '2026-02-10 22:25:59'),
('402109090', 'Poblacion III-B', '402109000', '2026-02-10 22:25:59', '2026-02-10 22:25:59'),
('402109091', 'Poblacion IV-B', '402109000', '2026-02-10 22:25:59', '2026-02-10 22:25:59'),
('402109092', 'Poblacion IV-C', '402109000', '2026-02-10 22:25:59', '2026-02-10 22:25:59'),
('402109093', 'Poblacion IV-D', '402109000', '2026-02-10 22:25:59', '2026-02-10 22:25:59'),
('402109094', 'Tanzang Luma II', '402109000', '2026-02-10 22:25:59', '2026-02-10 22:25:59'),
('402109095', 'Tanzang Luma III', '402109000', '2026-02-10 22:25:59', '2026-02-10 22:25:59'),
('402109096', 'Tanzang Luma IV', '402109000', '2026-02-10 22:25:59', '2026-02-10 22:25:59'),
('402109097', 'Tanzang Luma V', '402109000', '2026-02-10 22:25:59', '2026-02-10 22:25:59'),
('402109098', 'Tanzang Luma VI', '402109000', '2026-02-10 22:25:59', '2026-02-10 22:25:59'),
('402109099', 'Toclong I-B', '402109000', '2026-02-10 22:25:59', '2026-02-10 22:25:59'),
('402109100', 'Toclong I-C', '402109000', '2026-02-10 22:25:59', '2026-02-10 22:25:59'),
('402109101', 'Toclong II-B', '402109000', '2026-02-10 22:25:59', '2026-02-10 22:25:59'),
('402110001', 'Agus-us', '402110000', '2026-02-10 22:25:59', '2026-02-10 22:25:59'),
('402110002', 'Alulod', '402110000', '2026-02-10 22:25:59', '2026-02-10 22:25:59'),
('402110003', 'Banaba Cerca', '402110000', '2026-02-10 22:25:59', '2026-02-10 22:25:59'),
('402110004', 'Banaba Lejos', '402110000', '2026-02-10 22:25:59', '2026-02-10 22:25:59'),
('402110005', 'Bancod', '402110000', '2026-02-10 22:25:59', '2026-02-10 22:25:59'),
('402110006', 'Buna Cerca', '402110000', '2026-02-10 22:25:59', '2026-02-10 22:25:59'),
('402110007', 'Buna Lejos I', '402110000', '2026-02-10 22:25:59', '2026-02-10 22:25:59'),
('402110008', 'Calumpang Cerca', '402110000', '2026-02-10 22:25:59', '2026-02-10 22:25:59'),
('402110009', 'Calumpang Lejos I', '402110000', '2026-02-10 22:25:59', '2026-02-10 22:25:59'),
('402110010', 'Carasuchi', '402110000', '2026-02-10 22:25:59', '2026-02-10 22:25:59'),
('402110011', 'Kayquit I', '402110000', '2026-02-10 22:25:59', '2026-02-10 22:25:59'),
('402110012', 'Daine I', '402110000', '2026-02-10 22:25:59', '2026-02-10 22:25:59'),
('402110013', 'Guyam Malaki', '402110000', '2026-02-10 22:25:59', '2026-02-10 22:25:59'),
('402110014', 'Guyam Munti', '402110000', '2026-02-10 22:25:59', '2026-02-10 22:25:59'),
('402110015', 'Harasan', '402110000', '2026-02-10 22:25:59', '2026-02-10 22:25:59'),
('402110016', 'Kaytambog', '402110000', '2026-02-10 22:25:59', '2026-02-10 22:25:59'),
('402110018', 'Limbon', '402110000', '2026-02-10 22:25:59', '2026-02-10 22:25:59'),
('402110019', 'Lumampong Balagbag', '402110000', '2026-02-10 22:25:59', '2026-02-10 22:25:59'),
('402110020', 'Lumampong Halayhay', '402110000', '2026-02-10 22:25:59', '2026-02-10 22:25:59'),
('402110021', 'Mahabangkahoy Lejos', '402110000', '2026-02-10 22:25:59', '2026-02-10 22:25:59'),
('402110022', 'Mahabangkahoy Cerca', '402110000', '2026-02-10 22:25:59', '2026-02-10 22:25:59'),
('402110023', 'Barangay 1', '402110000', '2026-02-10 22:25:59', '2026-02-10 22:25:59'),
('402110024', 'Barangay 2', '402110000', '2026-02-10 22:25:59', '2026-02-10 22:25:59'),
('402110025', 'Barangay 3', '402110000', '2026-02-10 22:25:59', '2026-02-10 22:25:59'),
('402110026', 'Barangay 4', '402110000', '2026-02-10 22:25:59', '2026-02-10 22:25:59'),
('402110027', 'Pulo', '402110000', '2026-02-10 22:25:59', '2026-02-10 22:25:59'),
('402110028', 'Tambo Balagbag', '402110000', '2026-02-10 22:25:59', '2026-02-10 22:25:59'),
('402110029', 'Tambo Ilaya', '402110000', '2026-02-10 22:25:59', '2026-02-10 22:25:59'),
('402110030', 'Tambo Malaki', '402110000', '2026-02-10 22:25:59', '2026-02-10 22:25:59'),
('402110031', 'Tambo Kulit', '402110000', '2026-02-10 22:25:59', '2026-02-10 22:25:59'),
('402110032', 'Buna Lejos II', '402110000', '2026-02-10 22:25:59', '2026-02-10 22:25:59'),
('402110033', 'Daine II', '402110000', '2026-02-10 22:25:59', '2026-02-10 22:25:59'),
('402110034', 'Kayquit II', '402110000', '2026-02-10 22:25:59', '2026-02-10 22:25:59'),
('402110035', 'Kayquit III', '402110000', '2026-02-10 22:25:59', '2026-02-10 22:25:59'),
('402110036', 'Kaytapos', '402110000', '2026-02-10 22:25:59', '2026-02-10 22:25:59'),
('402110037', 'Mataas na Lupa', '402110000', '2026-02-10 22:25:59', '2026-02-10 22:25:59'),
('402111001', 'Binakayan-Kanluran', '402111000', '2026-02-10 22:25:59', '2026-02-10 22:25:59'),
('402111002', 'Gahak', '402111000', '2026-02-10 22:25:59', '2026-02-10 22:25:59'),
('402111003', 'Kaingen', '402111000', '2026-02-10 22:25:59', '2026-02-10 22:25:59'),
('402111004', 'Marulas', '402111000', '2026-02-10 22:25:59', '2026-02-10 22:25:59'),
('402111005', 'Panamitan', '402111000', '2026-02-10 22:25:59', '2026-02-10 22:25:59'),
('402111006', 'Poblacion', '402111000', '2026-02-10 22:25:59', '2026-02-10 22:25:59'),
('402111007', 'Magdalo', '402111000', '2026-02-10 22:25:59', '2026-02-10 22:25:59'),
('402111008', 'San Sebastian', '402111000', '2026-02-10 22:25:59', '2026-02-10 22:25:59'),
('402111009', 'Santa Isabel', '402111000', '2026-02-10 22:25:59', '2026-02-10 22:25:59'),
('402111010', 'Tabon I', '402111000', '2026-02-10 22:25:59', '2026-02-10 22:25:59'),
('402111011', 'Toclong', '402111000', '2026-02-10 22:25:59', '2026-02-10 22:25:59'),
('402111012', 'Wakas I', '402111000', '2026-02-10 22:25:59', '2026-02-10 22:25:59'),
('402111013', 'Batong Dalig', '402111000', '2026-02-10 22:25:59', '2026-02-10 22:25:59'),
('402111014', 'Balsahan-Bisita', '402111000', '2026-02-10 22:25:59', '2026-02-10 22:25:59'),
('402111015', 'Binakayan-Aplaya', '402111000', '2026-02-10 22:25:59', '2026-02-10 22:25:59'),
('402111016', 'Congbalay-Legaspi', '402111000', '2026-02-10 22:25:59', '2026-02-10 22:25:59'),
('402111017', 'Manggahan-Lawin', '402111000', '2026-02-10 22:25:59', '2026-02-10 22:25:59'),
('402111018', 'Pulvorista', '402111000', '2026-02-10 22:25:59', '2026-02-10 22:25:59'),
('402111019', 'Samala-Marquez', '402111000', '2026-02-10 22:25:59', '2026-02-10 22:25:59'),
('402111020', 'Tabon II', '402111000', '2026-02-10 22:25:59', '2026-02-10 22:25:59'),
('402111021', 'Tabon III', '402111000', '2026-02-10 22:25:59', '2026-02-10 22:25:59'),
('402111022', 'Tramo-Bantayan', '402111000', '2026-02-10 22:25:59', '2026-02-10 22:25:59'),
('402111023', 'Wakas II', '402111000', '2026-02-10 22:25:59', '2026-02-10 22:25:59'),
('402112001', 'Baliwag', '402112000', '2026-02-10 22:25:59', '2026-02-10 22:25:59'),
('402112002', 'Bendita I', '402112000', '2026-02-10 22:25:59', '2026-02-10 22:25:59'),
('402112003', 'Caluangan', '402112000', '2026-02-10 22:25:59', '2026-02-10 22:25:59'),
('402112004', 'Medina', '402112000', '2026-02-10 22:25:59', '2026-02-10 22:25:59'),
('402112005', 'Pacheco', '402112000', '2026-02-10 22:25:59', '2026-02-10 22:25:59'),
('402112006', 'Barangay 1', '402112000', '2026-02-10 22:25:59', '2026-02-10 22:25:59'),
('402112007', 'Barangay 2', '402112000', '2026-02-10 22:25:59', '2026-02-10 22:25:59'),
('402112008', 'Barangay 3', '402112000', '2026-02-10 22:25:59', '2026-02-10 22:25:59'),
('402112009', 'Barangay 4', '402112000', '2026-02-10 22:25:59', '2026-02-10 22:25:59'),
('402112010', 'Barangay 5', '402112000', '2026-02-10 22:25:59', '2026-02-10 22:25:59'),
('402112011', 'Ramirez', '402112000', '2026-02-10 22:25:59', '2026-02-10 22:25:59'),
('402112012', 'Tua', '402112000', '2026-02-10 22:25:59', '2026-02-10 22:25:59'),
('402112013', 'Urdaneta', '402112000', '2026-02-10 22:25:59', '2026-02-10 22:25:59'),
('402112014', 'Kabulusan', '402112000', '2026-02-10 22:25:59', '2026-02-10 22:25:59'),
('402112015', 'Bendita II', '402112000', '2026-02-10 22:25:59', '2026-02-10 22:25:59'),
('402112016', 'San Agustin', '402112000', '2026-02-10 22:25:59', '2026-02-10 22:25:59'),
('402113001', 'Caingin Pob.', '402113000', '2026-02-10 22:25:59', '2026-02-10 22:25:59'),
('402113002', 'Bucal I', '402113000', '2026-02-10 22:25:59', '2026-02-10 22:25:59'),
('402113003', 'Bucal II', '402113000', '2026-02-10 22:25:59', '2026-02-10 22:25:59'),
('402113004', 'Bucal III A', '402113000', '2026-02-10 22:25:59', '2026-02-10 22:25:59'),
('402113005', 'Bucal IV A', '402113000', '2026-02-10 22:25:59', '2026-02-10 22:25:59'),
('402113007', 'San Miguel I A', '402113000', '2026-02-10 22:25:59', '2026-02-10 22:25:59'),
('402113008', 'Garita I A', '402113000', '2026-02-10 22:25:59', '2026-02-10 22:25:59'),
('402113009', 'Mabato', '402113000', '2026-02-10 22:25:59', '2026-02-10 22:25:59'),
('402113010', 'Talipusngo', '402113000', '2026-02-10 22:25:59', '2026-02-10 22:25:59'),
('402113011', 'Pantihan I', '402113000', '2026-02-10 22:25:59', '2026-02-10 22:25:59'),
('402113012', 'Pantihan II', '402113000', '2026-02-10 22:25:59', '2026-02-10 22:25:59'),
('402113013', 'Pantihan III', '402113000', '2026-02-10 22:25:59', '2026-02-10 22:25:59'),
('402113014', 'Pantihan IV', '402113000', '2026-02-10 22:25:59', '2026-02-10 22:25:59'),
('402113015', 'Patungan', '402113000', '2026-02-10 22:25:59', '2026-02-10 22:25:59'),
('402113016', 'Pinagsanhan I A', '402113000', '2026-02-10 22:25:59', '2026-02-10 22:25:59'),
('402113018', 'Poblacion I A', '402113000', '2026-02-10 22:25:59', '2026-02-10 22:25:59'),
('402113019', 'Poblacion II A', '402113000', '2026-02-10 22:25:59', '2026-02-10 22:25:59'),
('402113020', 'Tulay Silangan', '402113000', '2026-02-10 22:25:59', '2026-02-10 22:25:59'),
('402113021', 'Layong Mabilog', '402113000', '2026-02-10 22:25:59', '2026-02-10 22:25:59'),
('402113022', 'Bucal III B', '402113000', '2026-02-10 22:25:59', '2026-02-10 22:25:59'),
('402113023', 'Bucal IV B', '402113000', '2026-02-10 22:25:59', '2026-02-10 22:25:59'),
('402113024', 'Garita I B', '402113000', '2026-02-10 22:25:59', '2026-02-10 22:25:59'),
('402113025', 'Pinagsanhan I B', '402113000', '2026-02-10 22:25:59', '2026-02-10 22:25:59'),
('402113026', 'Poblacion I B', '402113000', '2026-02-10 22:25:59', '2026-02-10 22:25:59'),
('402113027', 'Poblacion II B', '402113000', '2026-02-10 22:25:59', '2026-02-10 22:25:59'),
('402113028', 'San Miguel I B', '402113000', '2026-02-10 22:25:59', '2026-02-10 22:25:59'),
('402113029', 'Tulay Kanluran', '402113000', '2026-02-10 22:25:59', '2026-02-10 22:25:59'),
('402114001', 'Anuling Lejos I', '402114000', '2026-02-10 22:25:59', '2026-02-10 22:25:59'),
('402114002', 'Asis I', '402114000', '2026-02-10 22:25:59', '2026-02-10 22:25:59'),
('402114003', 'Galicia I', '402114000', '2026-02-10 22:25:59', '2026-02-10 22:25:59'),
('402114004', 'Palocpoc I', '402114000', '2026-02-10 22:25:59', '2026-02-10 22:25:59'),
('402114005', 'Panungyan I', '402114000', '2026-02-10 22:25:59', '2026-02-10 22:25:59'),
('402114007', 'Poblacion I', '402114000', '2026-02-10 22:25:59', '2026-02-10 22:25:59'),
('402114008', 'Poblacion II', '402114000', '2026-02-10 22:25:59', '2026-02-10 22:25:59'),
('402114009', 'Poblacion III', '402114000', '2026-02-10 22:25:59', '2026-02-10 22:25:59'),
('402114010', 'Poblacion IV', '402114000', '2026-02-10 22:25:59', '2026-02-10 22:25:59'),
('402114011', 'Poblacion V', '402114000', '2026-02-10 22:25:59', '2026-02-10 22:25:59'),
('402114012', 'Poblacion VI', '402114000', '2026-02-10 22:25:59', '2026-02-10 22:25:59'),
('402114013', 'Poblacion VII', '402114000', '2026-02-10 22:25:59', '2026-02-10 22:25:59'),
('402114014', 'Anuling Cerca I', '402114000', '2026-02-10 22:25:59', '2026-02-10 22:25:59'),
('402114015', 'Anuling Cerca II', '402114000', '2026-02-10 22:25:59', '2026-02-10 22:25:59'),
('402114016', 'Anuling Lejos II', '402114000', '2026-02-10 22:25:59', '2026-02-10 22:25:59'),
('402114017', 'Asis II', '402114000', '2026-02-10 22:25:59', '2026-02-10 22:25:59'),
('402114018', 'Asis III', '402114000', '2026-02-10 22:25:59', '2026-02-10 22:25:59'),
('402114019', 'Banayad', '402114000', '2026-02-10 22:25:59', '2026-02-10 22:25:59'),
('402114020', 'Bukal', '402114000', '2026-02-10 22:25:59', '2026-02-10 22:25:59'),
('402114021', 'Galicia II', '402114000', '2026-02-10 22:25:59', '2026-02-10 22:25:59'),
('402114022', 'Galicia III', '402114000', '2026-02-10 22:25:59', '2026-02-10 22:25:59'),
('402114023', 'Miguel Mojica', '402114000', '2026-02-10 22:25:59', '2026-02-10 22:25:59'),
('402114024', 'Palocpoc II', '402114000', '2026-02-10 22:25:59', '2026-02-10 22:25:59'),
('402114025', 'Panungyan II', '402114000', '2026-02-10 22:25:59', '2026-02-10 22:25:59'),
('402115001', 'Bagong Karsada', '402115000', '2026-02-10 22:25:59', '2026-02-10 22:25:59'),
('402115002', 'Balsahan', '402115000', '2026-02-10 22:25:59', '2026-02-10 22:25:59'),
('402115003', 'Bancaan', '402115000', '2026-02-10 22:25:59', '2026-02-10 22:25:59'),
('402115004', 'Bucana Malaki', '402115000', '2026-02-10 22:25:59', '2026-02-10 22:25:59'),
('402115005', 'Bucana Sasahan', '402115000', '2026-02-10 22:25:59', '2026-02-10 22:25:59'),
('402115006', 'Capt. C. Nazareno', '402115000', '2026-02-10 22:25:59', '2026-02-10 22:25:59'),
('402115007', 'Calubcob', '402115000', '2026-02-10 22:25:59', '2026-02-10 22:25:59'),
('402115008', 'Palangue 2 & 3', '402115000', '2026-02-10 22:25:59', '2026-02-10 22:25:59'),
('402115009', 'Gomez-Zamora', '402115000', '2026-02-10 22:25:59', '2026-02-10 22:25:59'),
('402115010', 'Halang', '402115000', '2026-02-10 22:25:59', '2026-02-10 22:25:59'),
('402115011', 'Humbac', '402115000', '2026-02-10 22:25:59', '2026-02-10 22:25:59'),
('402115012', 'Ibayo Estacion', '402115000', '2026-02-10 22:25:59', '2026-02-10 22:25:59'),
('402115013', 'Ibayo Silangan', '402115000', '2026-02-10 22:25:59', '2026-02-10 22:25:59'),
('402115014', 'Kanluran', '402115000', '2026-02-10 22:25:59', '2026-02-10 22:25:59'),
('402115015', 'Labac', '402115000', '2026-02-10 22:25:59', '2026-02-10 22:25:59'),
('402115016', 'Latoria', '402115000', '2026-02-10 22:25:59', '2026-02-10 22:25:59'),
('402115018', 'Mabolo', '402115000', '2026-02-10 22:25:59', '2026-02-10 22:25:59'),
('402115019', 'Makina', '402115000', '2026-02-10 22:25:59', '2026-02-10 22:25:59'),
('402115020', 'Malainen Bago', '402115000', '2026-02-10 22:25:59', '2026-02-10 22:25:59'),
('402115021', 'Malainen Luma', '402115000', '2026-02-10 22:25:59', '2026-02-10 22:25:59'),
('402115022', 'Molino', '402115000', '2026-02-10 22:25:59', '2026-02-10 22:25:59'),
('402115023', 'Munting Mapino', '402115000', '2026-02-10 22:25:59', '2026-02-10 22:25:59'),
('402115024', 'Muzon', '402115000', '2026-02-10 22:25:59', '2026-02-10 22:25:59'),
('402115025', 'Palangue 1', '402115000', '2026-02-10 22:25:59', '2026-02-10 22:25:59');
INSERT INTO `barangays` (`code`, `name`, `city_code`, `created_at`, `updated_at`) VALUES
('402115026', 'Sabang', '402115000', '2026-02-10 22:25:59', '2026-02-10 22:25:59'),
('402115028', 'San Roque', '402115000', '2026-02-10 22:25:59', '2026-02-10 22:25:59'),
('402115029', 'Santulan', '402115000', '2026-02-10 22:25:59', '2026-02-10 22:25:59'),
('402115030', 'Sapa', '402115000', '2026-02-10 22:25:59', '2026-02-10 22:25:59'),
('402115031', 'Timalan Balsahan', '402115000', '2026-02-10 22:25:59', '2026-02-10 22:25:59'),
('402115032', 'Timalan Concepcion', '402115000', '2026-02-10 22:25:59', '2026-02-10 22:25:59'),
('402116001', 'Magdiwang', '402116000', '2026-02-10 22:25:59', '2026-02-10 22:25:59'),
('402116002', 'Poblacion', '402116000', '2026-02-10 22:25:59', '2026-02-10 22:25:59'),
('402116003', 'Salcedo I', '402116000', '2026-02-10 22:25:59', '2026-02-10 22:25:59'),
('402116004', 'San Antonio I', '402116000', '2026-02-10 22:25:59', '2026-02-10 22:25:59'),
('402116005', 'San Juan I', '402116000', '2026-02-10 22:25:59', '2026-02-10 22:25:59'),
('402116006', 'San Rafael I', '402116000', '2026-02-10 22:25:59', '2026-02-10 22:25:59'),
('402116007', 'San Rafael II', '402116000', '2026-02-10 22:25:59', '2026-02-10 22:25:59'),
('402116008', 'San Jose I', '402116000', '2026-02-10 22:25:59', '2026-02-10 22:25:59'),
('402116009', 'Santa Rosa I', '402116000', '2026-02-10 22:25:59', '2026-02-10 22:25:59'),
('402116010', 'Salcedo II', '402116000', '2026-02-10 22:25:59', '2026-02-10 22:25:59'),
('402116011', 'San Antonio II', '402116000', '2026-02-10 22:25:59', '2026-02-10 22:25:59'),
('402116012', 'San Jose II', '402116000', '2026-02-10 22:25:59', '2026-02-10 22:25:59'),
('402116013', 'San Juan II', '402116000', '2026-02-10 22:25:59', '2026-02-10 22:25:59'),
('402116014', 'San Rafael III', '402116000', '2026-02-10 22:25:59', '2026-02-10 22:25:59'),
('402116015', 'San Rafael IV', '402116000', '2026-02-10 22:25:59', '2026-02-10 22:25:59'),
('402116016', 'Santa Rosa II', '402116000', '2026-02-10 22:25:59', '2026-02-10 22:25:59'),
('402117001', 'Silangan I', '402117000', '2026-02-10 22:25:59', '2026-02-10 22:25:59'),
('402117002', 'Bagbag I', '402117000', '2026-02-10 22:25:59', '2026-02-10 22:25:59'),
('402117003', 'Kanluran', '402117000', '2026-02-10 22:25:59', '2026-02-10 22:25:59'),
('402117005', 'Ligtong I', '402117000', '2026-02-10 22:25:59', '2026-02-10 22:25:59'),
('402117006', 'Ligtong II', '402117000', '2026-02-10 22:25:59', '2026-02-10 22:25:59'),
('402117007', 'Muzon I', '402117000', '2026-02-10 22:25:59', '2026-02-10 22:25:59'),
('402117008', 'Poblacion', '402117000', '2026-02-10 22:25:59', '2026-02-10 22:25:59'),
('402117009', 'Sapa I', '402117000', '2026-02-10 22:25:59', '2026-02-10 22:25:59'),
('402117010', 'Tejeros Convention', '402117000', '2026-02-10 22:25:59', '2026-02-10 22:25:59'),
('402117011', 'Wawa I', '402117000', '2026-02-10 22:25:59', '2026-02-10 22:25:59'),
('402117012', 'Ligtong III', '402117000', '2026-02-10 22:25:59', '2026-02-10 22:25:59'),
('402117013', 'Bagbag II', '402117000', '2026-02-10 22:25:59', '2026-02-10 22:25:59'),
('402117014', 'Ligtong IV', '402117000', '2026-02-10 22:25:59', '2026-02-10 22:25:59'),
('402117015', 'Muzon II', '402117000', '2026-02-10 22:25:59', '2026-02-10 22:25:59'),
('402117016', 'Sapa II', '402117000', '2026-02-10 22:25:59', '2026-02-10 22:25:59'),
('402117017', 'Sapa III', '402117000', '2026-02-10 22:25:59', '2026-02-10 22:25:59'),
('402117018', 'Sapa IV', '402117000', '2026-02-10 22:25:59', '2026-02-10 22:25:59'),
('402117019', 'Silangan II', '402117000', '2026-02-10 22:25:59', '2026-02-10 22:25:59'),
('402117020', 'Wawa II', '402117000', '2026-02-10 22:25:59', '2026-02-10 22:25:59'),
('402117021', 'Wawa III', '402117000', '2026-02-10 22:25:59', '2026-02-10 22:25:59'),
('402118001', 'Adlas', '402118000', '2026-02-10 22:25:59', '2026-02-10 22:25:59'),
('402118003', 'Balite I', '402118000', '2026-02-10 22:25:59', '2026-02-10 22:25:59'),
('402118004', 'Balite II', '402118000', '2026-02-10 22:25:59', '2026-02-10 22:25:59'),
('402118005', 'Balubad', '402118000', '2026-02-10 22:25:59', '2026-02-10 22:25:59'),
('402118006', 'Batas', '402118000', '2026-02-10 22:25:59', '2026-02-10 22:25:59'),
('402118007', 'Biga I', '402118000', '2026-02-10 22:25:59', '2026-02-10 22:25:59'),
('402118008', 'Biluso', '402118000', '2026-02-10 22:25:59', '2026-02-10 22:25:59'),
('402118009', 'Buho', '402118000', '2026-02-10 22:25:59', '2026-02-10 22:25:59'),
('402118010', 'Bucal', '402118000', '2026-02-10 22:25:59', '2026-02-10 22:25:59'),
('402118011', 'Bulihan', '402118000', '2026-02-10 22:25:59', '2026-02-10 22:25:59'),
('402118012', 'Cabangaan', '402118000', '2026-02-10 22:25:59', '2026-02-10 22:25:59'),
('402118013', 'Carmen', '402118000', '2026-02-10 22:25:59', '2026-02-10 22:25:59'),
('402118014', 'Hukay', '402118000', '2026-02-10 22:25:59', '2026-02-10 22:25:59'),
('402118015', 'Iba', '402118000', '2026-02-10 22:25:59', '2026-02-10 22:25:59'),
('402118016', 'Inchican', '402118000', '2026-02-10 22:25:59', '2026-02-10 22:25:59'),
('402118017', 'Kalubkob', '402118000', '2026-02-10 22:25:59', '2026-02-10 22:25:59'),
('402118018', 'Kaong', '402118000', '2026-02-10 22:25:59', '2026-02-10 22:25:59'),
('402118019', 'Lalaan I', '402118000', '2026-02-10 22:25:59', '2026-02-10 22:25:59'),
('402118020', 'Lalaan II', '402118000', '2026-02-10 22:25:59', '2026-02-10 22:25:59'),
('402118021', 'Litlit', '402118000', '2026-02-10 22:25:59', '2026-02-10 22:25:59'),
('402118022', 'Lucsuhin', '402118000', '2026-02-10 22:25:59', '2026-02-10 22:25:59'),
('402118023', 'Lumil', '402118000', '2026-02-10 22:25:59', '2026-02-10 22:25:59'),
('402118026', 'Maguyam', '402118000', '2026-02-10 22:25:59', '2026-02-10 22:25:59'),
('402118027', 'Malabag', '402118000', '2026-02-10 22:25:59', '2026-02-10 22:25:59'),
('402118028', 'Mataas Na Burol', '402118000', '2026-02-10 22:25:59', '2026-02-10 22:25:59'),
('402118029', 'Munting Ilog', '402118000', '2026-02-10 22:25:59', '2026-02-10 22:25:59'),
('402118030', 'Paligawan', '402118000', '2026-02-10 22:25:59', '2026-02-10 22:25:59'),
('402118031', 'Pasong Langka', '402118000', '2026-02-10 22:25:59', '2026-02-10 22:25:59'),
('402118032', 'Barangay I', '402118000', '2026-02-10 22:25:59', '2026-02-10 22:25:59'),
('402118033', 'Barangay II', '402118000', '2026-02-10 22:25:59', '2026-02-10 22:25:59'),
('402118034', 'Barangay III', '402118000', '2026-02-10 22:25:59', '2026-02-10 22:25:59'),
('402118035', 'Barangay IV', '402118000', '2026-02-10 22:25:59', '2026-02-10 22:25:59'),
('402118036', 'Barangay V', '402118000', '2026-02-10 22:25:59', '2026-02-10 22:25:59'),
('402118037', 'Pooc I', '402118000', '2026-02-10 22:25:59', '2026-02-10 22:25:59'),
('402118038', 'Pulong Bunga', '402118000', '2026-02-10 22:25:59', '2026-02-10 22:25:59'),
('402118039', 'Pulong Saging', '402118000', '2026-02-10 22:25:59', '2026-02-10 22:25:59'),
('402118040', 'Puting Kahoy', '402118000', '2026-02-10 22:25:59', '2026-02-10 22:25:59'),
('402118041', 'Sabutan', '402118000', '2026-02-10 22:25:59', '2026-02-10 22:25:59'),
('402118042', 'San Miguel I', '402118000', '2026-02-10 22:25:59', '2026-02-10 22:25:59'),
('402118043', 'San Vicente I', '402118000', '2026-02-10 22:25:59', '2026-02-10 22:25:59'),
('402118044', 'Santol', '402118000', '2026-02-10 22:25:59', '2026-02-10 22:25:59'),
('402118045', 'Tartaria', '402118000', '2026-02-10 22:25:59', '2026-02-10 22:25:59'),
('402118046', 'Tibig', '402118000', '2026-02-10 22:25:59', '2026-02-10 22:25:59'),
('402118047', 'Tubuan I', '402118000', '2026-02-10 22:25:59', '2026-02-10 22:25:59'),
('402118048', 'Ulat', '402118000', '2026-02-10 22:25:59', '2026-02-10 22:25:59'),
('402118049', 'Acacia', '402118000', '2026-02-10 22:25:59', '2026-02-10 22:25:59'),
('402118050', 'Anahaw I', '402118000', '2026-02-10 22:25:59', '2026-02-10 22:25:59'),
('402118051', 'Ipil I', '402118000', '2026-02-10 22:25:59', '2026-02-10 22:25:59'),
('402118052', 'Narra I', '402118000', '2026-02-10 22:25:59', '2026-02-10 22:25:59'),
('402118053', 'Yakal', '402118000', '2026-02-10 22:25:59', '2026-02-10 22:25:59'),
('402118054', 'Anahaw II', '402118000', '2026-02-10 22:25:59', '2026-02-10 22:25:59'),
('402118055', 'Banaba', '402118000', '2026-02-10 22:25:59', '2026-02-10 22:25:59'),
('402118056', 'Biga II', '402118000', '2026-02-10 22:25:59', '2026-02-10 22:25:59'),
('402118057', 'Hoyo', '402118000', '2026-02-10 22:25:59', '2026-02-10 22:25:59'),
('402118058', 'Ipil II', '402118000', '2026-02-10 22:25:59', '2026-02-10 22:25:59'),
('402118059', 'Malaking Tatyao', '402118000', '2026-02-10 22:25:59', '2026-02-10 22:25:59'),
('402118060', 'Narra II', '402118000', '2026-02-10 22:25:59', '2026-02-10 22:25:59'),
('402118061', 'Narra III', '402118000', '2026-02-10 22:25:59', '2026-02-10 22:25:59'),
('402118062', 'Pooc II', '402118000', '2026-02-10 22:25:59', '2026-02-10 22:25:59'),
('402118063', 'San Miguel II', '402118000', '2026-02-10 22:25:59', '2026-02-10 22:25:59'),
('402118064', 'San Vicente II', '402118000', '2026-02-10 22:25:59', '2026-02-10 22:25:59'),
('402118065', 'Toledo', '402118000', '2026-02-10 22:25:59', '2026-02-10 22:25:59'),
('402118066', 'Tubuan II', '402118000', '2026-02-10 22:25:59', '2026-02-10 22:25:59'),
('402118067', 'Tubuan III', '402118000', '2026-02-10 22:25:59', '2026-02-10 22:25:59'),
('402119001', 'Asisan', '402119000', '2026-02-10 22:25:59', '2026-02-10 22:25:59'),
('402119002', 'Bagong Tubig', '402119000', '2026-02-10 22:25:59', '2026-02-10 22:25:59'),
('402119003', 'Dapdap West', '402119000', '2026-02-10 22:25:59', '2026-02-10 22:25:59'),
('402119004', 'Francisco', '402119000', '2026-02-10 22:25:59', '2026-02-10 22:25:59'),
('402119005', 'Guinhawa South', '402119000', '2026-02-10 22:25:59', '2026-02-10 22:25:59'),
('402119006', 'Iruhin West', '402119000', '2026-02-10 22:25:59', '2026-02-10 22:25:59'),
('402119007', 'Calabuso', '402119000', '2026-02-10 22:25:59', '2026-02-10 22:25:59'),
('402119008', 'Kaybagal South', '402119000', '2026-02-10 22:25:59', '2026-02-10 22:25:59'),
('402119010', 'Mag-Asawang Ilat', '402119000', '2026-02-10 22:25:59', '2026-02-10 22:25:59'),
('402119011', 'Maharlika West', '402119000', '2026-02-10 22:25:59', '2026-02-10 22:25:59'),
('402119012', 'Maitim 2nd East', '402119000', '2026-02-10 22:25:59', '2026-02-10 22:25:59'),
('402119013', 'Mendez Crossing West', '402119000', '2026-02-10 22:25:59', '2026-02-10 22:25:59'),
('402119014', 'Neogan', '402119000', '2026-02-10 22:25:59', '2026-02-10 22:25:59'),
('402119015', 'Patutong Malaki South', '402119000', '2026-02-10 22:25:59', '2026-02-10 22:25:59'),
('402119017', 'Sambong', '402119000', '2026-02-10 22:25:59', '2026-02-10 22:25:59'),
('402119018', 'San Jose', '402119000', '2026-02-10 22:25:59', '2026-02-10 22:25:59'),
('402119019', 'Silang Junction South', '402119000', '2026-02-10 22:25:59', '2026-02-10 22:25:59'),
('402119020', 'Sungay South', '402119000', '2026-02-10 22:25:59', '2026-02-10 22:25:59'),
('402119021', 'Tolentino West', '402119000', '2026-02-10 22:25:59', '2026-02-10 22:25:59'),
('402119022', 'Zambal', '402119000', '2026-02-10 22:25:59', '2026-02-10 22:25:59'),
('402119023', 'Iruhin East', '402119000', '2026-02-10 22:25:59', '2026-02-10 22:25:59'),
('402119024', 'Kaybagal North', '402119000', '2026-02-10 22:25:59', '2026-02-10 22:25:59'),
('402119025', 'Maitim 2nd West', '402119000', '2026-02-10 22:25:59', '2026-02-10 22:25:59'),
('402119027', 'Dapdap East', '402119000', '2026-02-10 22:25:59', '2026-02-10 22:25:59'),
('402119028', 'Guinhawa North', '402119000', '2026-02-10 22:25:59', '2026-02-10 22:25:59'),
('402119029', 'Iruhin South', '402119000', '2026-02-10 22:25:59', '2026-02-10 22:25:59'),
('402119030', 'Kaybagal East', '402119000', '2026-02-10 22:25:59', '2026-02-10 22:25:59'),
('402119031', 'Maharlika East', '402119000', '2026-02-10 22:25:59', '2026-02-10 22:25:59'),
('402119032', 'Maitim 2nd Central', '402119000', '2026-02-10 22:25:59', '2026-02-10 22:25:59'),
('402119033', 'Mendez Crossing East', '402119000', '2026-02-10 22:25:59', '2026-02-10 22:25:59'),
('402119034', 'Patutong Malaki North', '402119000', '2026-02-10 22:25:59', '2026-02-10 22:25:59'),
('402119035', 'Silang Junction North', '402119000', '2026-02-10 22:25:59', '2026-02-10 22:25:59'),
('402119036', 'Sungay North', '402119000', '2026-02-10 22:25:59', '2026-02-10 22:25:59'),
('402119037', 'Tolentino East', '402119000', '2026-02-10 22:25:59', '2026-02-10 22:25:59'),
('402120001', 'Amaya I', '402120000', '2026-02-10 22:25:59', '2026-02-10 22:25:59'),
('402120002', 'Bagtas', '402120000', '2026-02-10 22:25:59', '2026-02-10 22:25:59'),
('402120003', 'Biga', '402120000', '2026-02-10 22:25:59', '2026-02-10 22:25:59'),
('402120004', 'Biwas', '402120000', '2026-02-10 22:25:59', '2026-02-10 22:25:59'),
('402120005', 'Bucal', '402120000', '2026-02-10 22:25:59', '2026-02-10 22:25:59'),
('402120006', 'Bunga', '402120000', '2026-02-10 22:25:59', '2026-02-10 22:25:59'),
('402120007', 'Calibuyo', '402120000', '2026-02-10 22:25:59', '2026-02-10 22:25:59'),
('402120008', 'Capipisa', '402120000', '2026-02-10 22:25:59', '2026-02-10 22:25:59'),
('402120009', 'Daang Amaya I', '402120000', '2026-02-10 22:25:59', '2026-02-10 22:25:59'),
('402120010', 'Halayhay', '402120000', '2026-02-10 22:25:59', '2026-02-10 22:25:59'),
('402120011', 'Julugan I', '402120000', '2026-02-10 22:25:59', '2026-02-10 22:25:59'),
('402120012', 'Mulawin', '402120000', '2026-02-10 22:25:59', '2026-02-10 22:25:59'),
('402120015', 'Paradahan I', '402120000', '2026-02-10 22:25:59', '2026-02-10 22:25:59'),
('402120016', 'Barangay I', '402120000', '2026-02-10 22:25:59', '2026-02-10 22:25:59'),
('402120017', 'Barangay II', '402120000', '2026-02-10 22:25:59', '2026-02-10 22:25:59'),
('402120018', 'Barangay III', '402120000', '2026-02-10 22:25:59', '2026-02-10 22:25:59'),
('402120019', 'Barangay IV', '402120000', '2026-02-10 22:25:59', '2026-02-10 22:25:59'),
('402120020', 'Punta I', '402120000', '2026-02-10 22:25:59', '2026-02-10 22:25:59'),
('402120021', 'Sahud Ulan', '402120000', '2026-02-10 22:25:59', '2026-02-10 22:25:59'),
('402120022', 'Sanja Mayor', '402120000', '2026-02-10 22:25:59', '2026-02-10 22:25:59'),
('402120023', 'Santol', '402120000', '2026-02-10 22:25:59', '2026-02-10 22:25:59'),
('402120024', 'Tanauan', '402120000', '2026-02-10 22:25:59', '2026-02-10 22:25:59'),
('402120026', 'Tres Cruses', '402120000', '2026-02-10 22:25:59', '2026-02-10 22:25:59'),
('402120027', 'Lambingan', '402120000', '2026-02-10 22:25:59', '2026-02-10 22:25:59'),
('402120028', 'Amaya II', '402120000', '2026-02-10 22:25:59', '2026-02-10 22:25:59'),
('402120029', 'Amaya III', '402120000', '2026-02-10 22:25:59', '2026-02-10 22:25:59'),
('402120030', 'Amaya IV', '402120000', '2026-02-10 22:25:59', '2026-02-10 22:25:59'),
('402120031', 'Amaya V', '402120000', '2026-02-10 22:25:59', '2026-02-10 22:25:59'),
('402120032', 'Amaya VI', '402120000', '2026-02-10 22:25:59', '2026-02-10 22:25:59'),
('402120033', 'Amaya VII', '402120000', '2026-02-10 22:25:59', '2026-02-10 22:25:59'),
('402120034', 'Daang Amaya II', '402120000', '2026-02-10 22:25:59', '2026-02-10 22:25:59'),
('402120035', 'Daang Amaya III', '402120000', '2026-02-10 22:25:59', '2026-02-10 22:25:59'),
('402120036', 'Julugan II', '402120000', '2026-02-10 22:25:59', '2026-02-10 22:25:59'),
('402120037', 'Julugan III', '402120000', '2026-02-10 22:25:59', '2026-02-10 22:25:59'),
('402120038', 'Julugan IV', '402120000', '2026-02-10 22:25:59', '2026-02-10 22:25:59'),
('402120039', 'Julugan V', '402120000', '2026-02-10 22:25:59', '2026-02-10 22:25:59'),
('402120040', 'Julugan VI', '402120000', '2026-02-10 22:25:59', '2026-02-10 22:25:59'),
('402120041', 'Julugan VII', '402120000', '2026-02-10 22:25:59', '2026-02-10 22:25:59'),
('402120042', 'Julugan VIII', '402120000', '2026-02-10 22:25:59', '2026-02-10 22:25:59'),
('402120043', 'Paradahan II', '402120000', '2026-02-10 22:25:59', '2026-02-10 22:25:59'),
('402120044', 'Punta II', '402120000', '2026-02-10 22:25:59', '2026-02-10 22:25:59'),
('402121001', 'Poblacion I', '402121000', '2026-02-10 22:25:59', '2026-02-10 22:25:59'),
('402121002', 'Poblacion II', '402121000', '2026-02-10 22:25:59', '2026-02-10 22:25:59'),
('402121003', 'Bucana', '402121000', '2026-02-10 22:25:59', '2026-02-10 22:25:59'),
('402121005', 'Poblacion III', '402121000', '2026-02-10 22:25:59', '2026-02-10 22:25:59'),
('402121006', 'San Jose', '402121000', '2026-02-10 22:25:59', '2026-02-10 22:25:59'),
('402121007', 'San Juan I', '402121000', '2026-02-10 22:25:59', '2026-02-10 22:25:59'),
('402121008', 'Sapang I', '402121000', '2026-02-10 22:25:59', '2026-02-10 22:25:59'),
('402121009', 'Poblacion I A', '402121000', '2026-02-10 22:25:59', '2026-02-10 22:25:59'),
('402121010', 'San Juan II', '402121000', '2026-02-10 22:25:59', '2026-02-10 22:25:59'),
('402121011', 'Sapang II', '402121000', '2026-02-10 22:25:59', '2026-02-10 22:25:59'),
('402122002', 'Cabezas', '402122000', '2026-02-10 22:25:59', '2026-02-10 22:25:59'),
('402122003', 'Cabuco', '402122000', '2026-02-10 22:25:59', '2026-02-10 22:25:59'),
('402122004', 'De Ocampo', '402122000', '2026-02-10 22:25:59', '2026-02-10 22:25:59'),
('402122005', 'Lallana', '402122000', '2026-02-10 22:25:59', '2026-02-10 22:25:59'),
('402122006', 'San Agustin', '402122000', '2026-02-10 22:25:59', '2026-02-10 22:25:59'),
('402122008', 'Osorio', '402122000', '2026-02-10 22:25:59', '2026-02-10 22:25:59'),
('402122009', 'Conchu', '402122000', '2026-02-10 22:25:59', '2026-02-10 22:25:59'),
('402122010', 'Perez', '402122000', '2026-02-10 22:25:59', '2026-02-10 22:25:59'),
('402122011', 'Aguado', '402122000', '2026-02-10 22:25:59', '2026-02-10 22:25:59'),
('402122012', 'Gregorio', '402122000', '2026-02-10 22:25:59', '2026-02-10 22:25:59'),
('402122013', 'Inocencio', '402122000', '2026-02-10 22:25:59', '2026-02-10 22:25:59'),
('402122014', 'Lapidario', '402122000', '2026-02-10 22:25:59', '2026-02-10 22:25:59'),
('402122015', 'Luciano', '402122000', '2026-02-10 22:25:59', '2026-02-10 22:25:59'),
('402123001', 'Aldiano Olaes', '402123000', '2026-02-10 22:25:59', '2026-02-10 22:25:59'),
('402123002', 'Barangay 1 Poblacion', '402123000', '2026-02-10 22:25:59', '2026-02-10 22:25:59'),
('402123003', 'Barangay 2 Poblacion', '402123000', '2026-02-10 22:25:59', '2026-02-10 22:25:59'),
('402123004', 'Barangay 3 Poblacion', '402123000', '2026-02-10 22:25:59', '2026-02-10 22:25:59'),
('402123005', 'Barangay 4 Poblacion', '402123000', '2026-02-10 22:25:59', '2026-02-10 22:25:59'),
('402123006', 'Barangay 5 Poblacion', '402123000', '2026-02-10 22:25:59', '2026-02-10 22:25:59'),
('402123007', 'Benjamin Tirona', '402123000', '2026-02-10 22:25:59', '2026-02-10 22:25:59'),
('402123008', 'Bernardo Pulido', '402123000', '2026-02-10 22:25:59', '2026-02-10 22:25:59'),
('402123009', 'Epifanio Malia', '402123000', '2026-02-10 22:25:59', '2026-02-10 22:25:59'),
('402123010', 'Francisco De Castro', '402123000', '2026-02-10 22:25:59', '2026-02-10 22:25:59'),
('402123011', 'Francisco Reyes', '402123000', '2026-02-10 22:25:59', '2026-02-10 22:25:59'),
('402123012', 'Fiorello Calimag', '402123000', '2026-02-10 22:25:59', '2026-02-10 22:25:59'),
('402123013', 'Gavino Maderan', '402123000', '2026-02-10 22:25:59', '2026-02-10 22:25:59'),
('402123014', 'Gregoria De Jesus', '402123000', '2026-02-10 22:25:59', '2026-02-10 22:25:59'),
('402123015', 'Inocencio Salud', '402123000', '2026-02-10 22:25:59', '2026-02-10 22:25:59'),
('402123016', 'Jacinto Lumbreras', '402123000', '2026-02-10 22:25:59', '2026-02-10 22:25:59'),
('402123017', 'Kapitan Kua', '402123000', '2026-02-10 22:25:59', '2026-02-10 22:25:59'),
('402123018', 'Koronel Jose P. Elises', '402123000', '2026-02-10 22:25:59', '2026-02-10 22:25:59'),
('402123019', 'Macario Dacon', '402123000', '2026-02-10 22:25:59', '2026-02-10 22:25:59'),
('402123020', 'Marcelino Memije', '402123000', '2026-02-10 22:25:59', '2026-02-10 22:25:59'),
('402123021', 'Nicolasa Virata', '402123000', '2026-02-10 22:25:59', '2026-02-10 22:25:59'),
('402123022', 'Pantaleon Granados', '402123000', '2026-02-10 22:25:59', '2026-02-10 22:25:59'),
('402123023', 'Ramon Cruz', '402123000', '2026-02-10 22:25:59', '2026-02-10 22:25:59'),
('402123024', 'San Gabriel', '402123000', '2026-02-10 22:25:59', '2026-02-10 22:25:59'),
('402123025', 'San Jose', '402123000', '2026-02-10 22:25:59', '2026-02-10 22:25:59'),
('402123026', 'Severino De Las Alas', '402123000', '2026-02-10 22:25:59', '2026-02-10 22:25:59'),
('402123027', 'Tiniente Tiago', '402123000', '2026-02-10 22:25:59', '2026-02-10 22:25:59');

-- --------------------------------------------------------

--
-- Table structure for table `cache`
--

CREATE TABLE `cache` (
  `key` varchar(255) NOT NULL,
  `value` mediumtext NOT NULL,
  `expiration` int(11) NOT NULL
) ENGINE=InnoDB DEFAULT CHARSET=utf8mb4 COLLATE=utf8mb4_unicode_ci;

--
-- Dumping data for table `cache`
--

INSERT INTO `cache` (`key`, `value`, `expiration`) VALUES
('laravel-cache-1b6453892473a467d07372d45eb05abc2031647a', 'i:1;', 1770786080),
('laravel-cache-1b6453892473a467d07372d45eb05abc2031647a:timer', 'i:1770786080;', 1770786080),
('laravel-cache-902ba3cda1883801594b6e1b452790cc53948fda', 'i:1;', 1770792407),
('laravel-cache-902ba3cda1883801594b6e1b452790cc53948fda:timer', 'i:1770792407;', 1770792407),
('laravel-cache-ac3478d69a3c81fa62e60f5c3696165a4e5e6ac4', 'i:1;', 1770787184),
('laravel-cache-ac3478d69a3c81fa62e60f5c3696165a4e5e6ac4:timer', 'i:1770787184;', 1770787184),
('laravel-cache-b1d5781111d84f7b3fe45a0852e59758cd7a87e5', 'i:1;', 1771048153),
('laravel-cache-b1d5781111d84f7b3fe45a0852e59758cd7a87e5:timer', 'i:1771048153;', 1771048153),
('laravel-cache-c1dfd96eea8cc2b62785275bca38ac261256e278', 'i:1;', 1770791514),
('laravel-cache-c1dfd96eea8cc2b62785275bca38ac261256e278:timer', 'i:1770791514;', 1770791514);

-- --------------------------------------------------------

--
-- Table structure for table `cache_locks`
--

CREATE TABLE `cache_locks` (
  `key` varchar(255) NOT NULL,
  `owner` varchar(255) NOT NULL,
  `expiration` int(11) NOT NULL
) ENGINE=InnoDB DEFAULT CHARSET=utf8mb4 COLLATE=utf8mb4_unicode_ci;

-- --------------------------------------------------------

--
-- Table structure for table `certificates`
--

CREATE TABLE `certificates` (
  `id` bigint(20) UNSIGNED NOT NULL,
  `user_id` bigint(20) UNSIGNED NOT NULL,
  `module_id` bigint(20) UNSIGNED NOT NULL,
  `certificate_number` varchar(255) NOT NULL,
  `issued_at` timestamp NOT NULL DEFAULT current_timestamp() ON UPDATE current_timestamp(),
  `created_at` timestamp NULL DEFAULT NULL,
  `updated_at` timestamp NULL DEFAULT NULL
) ENGINE=InnoDB DEFAULT CHARSET=utf8mb4 COLLATE=utf8mb4_unicode_ci;

-- --------------------------------------------------------

--
-- Table structure for table `cities`
--

CREATE TABLE `cities` (
  `code` varchar(255) NOT NULL,
  `name` varchar(255) NOT NULL,
  `region_code` varchar(255) NOT NULL,
  `province_code` varchar(255) DEFAULT NULL,
  `is_city` tinyint(1) NOT NULL DEFAULT 1,
  `city_class` varchar(255) DEFAULT NULL,
  `created_at` timestamp NULL DEFAULT NULL,
  `updated_at` timestamp NULL DEFAULT NULL
) ENGINE=InnoDB DEFAULT CHARSET=utf8mb4 COLLATE=utf8mb4_unicode_ci;

--
-- Dumping data for table `cities`
--

INSERT INTO `cities` (`code`, `name`, `region_code`, `province_code`, `is_city`, `city_class`, `created_at`, `updated_at`) VALUES
('402101000', 'Alfonso', '400000000', '402100000', 0, NULL, '2026-02-10 22:25:59', '2026-02-10 22:25:59'),
('402102000', 'Amadeo', '400000000', '402100000', 0, NULL, '2026-02-10 22:25:59', '2026-02-10 22:25:59'),
('402103000', 'City of Bacoor', '400000000', '402100000', 1, 'CC', '2026-02-10 22:25:59', '2026-02-10 22:25:59'),
('402104000', 'City of Carmona', '400000000', '402100000', 1, 'CC', '2026-02-10 22:25:59', '2026-02-10 22:25:59'),
('402105000', 'City of Cavite', '400000000', '402100000', 1, 'CC', '2026-02-10 22:25:59', '2026-02-10 22:25:59'),
('402106000', 'City of Dasmariñas', '400000000', '402100000', 1, 'CC', '2026-02-10 22:25:59', '2026-02-10 22:25:59'),
('402107000', 'General Emilio Aguinaldo', '400000000', '402100000', 0, NULL, '2026-02-10 22:25:59', '2026-02-10 22:25:59'),
('402108000', 'City of General Trias', '400000000', '402100000', 1, 'CC', '2026-02-10 22:25:59', '2026-02-10 22:25:59'),
('402109000', 'City of Imus', '400000000', '402100000', 1, 'CC', '2026-02-10 22:25:59', '2026-02-10 22:25:59'),
('402110000', 'Indang', '400000000', '402100000', 0, NULL, '2026-02-10 22:25:59', '2026-02-10 22:25:59'),
('402111000', 'Kawit', '400000000', '402100000', 0, NULL, '2026-02-10 22:25:59', '2026-02-10 22:25:59'),
('402112000', 'Magallanes', '400000000', '402100000', 0, NULL, '2026-02-10 22:25:59', '2026-02-10 22:25:59'),
('402113000', 'Maragondon', '400000000', '402100000', 0, NULL, '2026-02-10 22:25:59', '2026-02-10 22:25:59'),
('402114000', 'Mendez', '400000000', '402100000', 0, NULL, '2026-02-10 22:25:59', '2026-02-10 22:25:59'),
('402115000', 'Naic', '400000000', '402100000', 0, NULL, '2026-02-10 22:25:59', '2026-02-10 22:25:59'),
('402116000', 'Noveleta', '400000000', '402100000', 0, NULL, '2026-02-10 22:25:59', '2026-02-10 22:25:59'),
('402117000', 'Rosario', '400000000', '402100000', 0, NULL, '2026-02-10 22:25:59', '2026-02-10 22:25:59'),
('402118000', 'Silang', '400000000', '402100000', 0, NULL, '2026-02-10 22:25:59', '2026-02-10 22:25:59'),
('402119000', 'City of Tagaytay', '400000000', '402100000', 1, 'CC', '2026-02-10 22:25:59', '2026-02-10 22:25:59'),
('402120000', 'Tanza', '400000000', '402100000', 0, NULL, '2026-02-10 22:25:59', '2026-02-10 22:25:59'),
('402121000', 'Ternate', '400000000', '402100000', 0, NULL, '2026-02-10 22:25:59', '2026-02-10 22:25:59'),
('402122000', 'City of Trece Martires', '400000000', '402100000', 1, 'CC', '2026-02-10 22:25:59', '2026-02-10 22:25:59'),
('402123000', 'Gen. Mariano Alvarez', '400000000', '402100000', 0, NULL, '2026-02-10 22:25:59', '2026-02-10 22:25:59');

-- --------------------------------------------------------

--
-- Table structure for table `clinics`
--

CREATE TABLE `clinics` (
  `id` bigint(20) UNSIGNED NOT NULL,
  `user_id` bigint(20) UNSIGNED NOT NULL,
  `name` varchar(255) NOT NULL,
  `address` varchar(255) NOT NULL,
  `contact` varchar(255) DEFAULT NULL,
  `services` text DEFAULT NULL,
  `operating_hours` text DEFAULT NULL,
  `approval_status` enum('pending','approved','rejected') NOT NULL DEFAULT 'pending',
  `approved_by` bigint(20) UNSIGNED DEFAULT NULL,
  `approved_at` timestamp NULL DEFAULT NULL,
  `rejection_reason` text DEFAULT NULL,
  `verified` tinyint(1) NOT NULL DEFAULT 0,
  `is_premium` tinyint(1) NOT NULL DEFAULT 0,
  `created_at` timestamp NULL DEFAULT NULL,
  `updated_at` timestamp NULL DEFAULT NULL,
  `deleted_at` timestamp NULL DEFAULT NULL
) ENGINE=InnoDB DEFAULT CHARSET=utf8mb4 COLLATE=utf8mb4_unicode_ci;

-- --------------------------------------------------------

--
-- Table structure for table `consultations`
--

CREATE TABLE `consultations` (
  `id` bigint(20) UNSIGNED NOT NULL,
  `counselor_id` bigint(20) UNSIGNED NOT NULL,
  `user_id` bigint(20) UNSIGNED NOT NULL,
  `scheduled_at` timestamp NOT NULL DEFAULT current_timestamp() ON UPDATE current_timestamp(),
  `status` enum('pending','approved','rejected','completed','cancelled') NOT NULL DEFAULT 'pending',
  `consultation_type` enum('online','in_person') NOT NULL DEFAULT 'online',
  `reason` text DEFAULT NULL,
  `notes` text DEFAULT NULL,
  `rejection_reason` text DEFAULT NULL,
  `created_at` timestamp NULL DEFAULT NULL,
  `updated_at` timestamp NULL DEFAULT NULL
) ENGINE=InnoDB DEFAULT CHARSET=utf8mb4 COLLATE=utf8mb4_unicode_ci;

-- --------------------------------------------------------

--
-- Table structure for table `counselors`
--

CREATE TABLE `counselors` (
  `id` bigint(20) UNSIGNED NOT NULL,
  `user_id` bigint(20) UNSIGNED NOT NULL,
  `specialization` varchar(255) DEFAULT NULL,
  `license_number` varchar(255) DEFAULT NULL,
  `bio` text DEFAULT NULL,
  `schedule` text DEFAULT NULL,
  `approval_status` enum('pending','approved','rejected') NOT NULL DEFAULT 'pending',
  `approved_by` bigint(20) UNSIGNED DEFAULT NULL,
  `approved_at` timestamp NULL DEFAULT NULL,
  `rejection_reason` text DEFAULT NULL,
  `verified` tinyint(1) NOT NULL DEFAULT 0,
  `created_at` timestamp NULL DEFAULT NULL,
  `updated_at` timestamp NULL DEFAULT NULL,
  `deleted_at` timestamp NULL DEFAULT NULL
) ENGINE=InnoDB DEFAULT CHARSET=utf8mb4 COLLATE=utf8mb4_unicode_ci;

-- --------------------------------------------------------

--
-- Table structure for table `failed_jobs`
--

CREATE TABLE `failed_jobs` (
  `id` bigint(20) UNSIGNED NOT NULL,
  `uuid` varchar(255) NOT NULL,
  `connection` text NOT NULL,
  `queue` text NOT NULL,
  `payload` longtext NOT NULL,
  `exception` longtext NOT NULL,
  `failed_at` timestamp NOT NULL DEFAULT current_timestamp()
) ENGINE=InnoDB DEFAULT CHARSET=utf8mb4 COLLATE=utf8mb4_unicode_ci;

-- --------------------------------------------------------

--
-- Table structure for table `jobs`
--

CREATE TABLE `jobs` (
  `id` bigint(20) UNSIGNED NOT NULL,
  `queue` varchar(255) NOT NULL,
  `payload` longtext NOT NULL,
  `attempts` tinyint(3) UNSIGNED NOT NULL,
  `reserved_at` int(10) UNSIGNED DEFAULT NULL,
  `available_at` int(10) UNSIGNED NOT NULL,
  `created_at` int(10) UNSIGNED NOT NULL
) ENGINE=InnoDB DEFAULT CHARSET=utf8mb4 COLLATE=utf8mb4_unicode_ci;

-- --------------------------------------------------------

--
-- Table structure for table `job_batches`
--

CREATE TABLE `job_batches` (
  `id` varchar(255) NOT NULL,
  `name` varchar(255) NOT NULL,
  `total_jobs` int(11) NOT NULL,
  `pending_jobs` int(11) NOT NULL,
  `failed_jobs` int(11) NOT NULL,
  `failed_job_ids` longtext NOT NULL,
  `options` mediumtext DEFAULT NULL,
  `cancelled_at` int(11) DEFAULT NULL,
  `created_at` int(11) NOT NULL,
  `finished_at` int(11) DEFAULT NULL
) ENGINE=InnoDB DEFAULT CHARSET=utf8mb4 COLLATE=utf8mb4_unicode_ci;

-- --------------------------------------------------------

--
-- Table structure for table `learner_profiles`
--

CREATE TABLE `learner_profiles` (
  `id` bigint(20) UNSIGNED NOT NULL,
  `user_id` bigint(20) UNSIGNED NOT NULL,
  `parent_user_id` bigint(20) UNSIGNED DEFAULT NULL,
  `is_parent_account` tinyint(1) NOT NULL DEFAULT 0,
  `requires_parental_consent` tinyint(1) NOT NULL DEFAULT 0,
  `username` varchar(255) NOT NULL,
  `birthdate` date DEFAULT NULL,
  `province_code` varchar(10) DEFAULT NULL,
  `city_code` varchar(10) DEFAULT NULL,
  `barangay_code` varchar(10) DEFAULT NULL,
  `username_changed_at` timestamp NULL DEFAULT NULL,
  `age_range` enum('grade_4_up','grade_6_up','grade_8_up','grade_10_up','adult_18_plus') NOT NULL,
  `gender` enum('male','female','prefer_not_to_say') DEFAULT NULL,
  `barangay` varchar(100) DEFAULT NULL,
  `bio` text DEFAULT NULL,
  `avatar_path` varchar(255) DEFAULT NULL,
  `created_at` timestamp NULL DEFAULT NULL,
  `updated_at` timestamp NULL DEFAULT NULL
) ENGINE=InnoDB DEFAULT CHARSET=utf8mb4 COLLATE=utf8mb4_unicode_ci;

--
-- Dumping data for table `learner_profiles`
--

INSERT INTO `learner_profiles` (`id`, `user_id`, `parent_user_id`, `is_parent_account`, `requires_parental_consent`, `username`, `birthdate`, `province_code`, `city_code`, `barangay_code`, `username_changed_at`, `age_range`, `gender`, `barangay`, `bio`, `avatar_path`, `created_at`, `updated_at`) VALUES
(4, 10, NULL, 1, 0, 'parenttest01', '2005-01-01', NULL, '402106000', '402106070', NULL, 'grade_4_up', 'female', 'San Isidro Labrador II', 'i\'m a parent btw.', NULL, '2026-02-13 21:48:39', '2026-02-13 21:48:39'),
(5, 11, NULL, 0, 1, 'childtest77', '2020-01-01', NULL, '402106000', '402106070', NULL, 'grade_4_up', 'male', 'San Isidro Labrador II', NULL, NULL, '2026-02-13 22:54:41', '2026-02-13 22:54:41'),
(6, 12, NULL, 0, 1, 'femalechild44', '2021-01-01', NULL, '402106000', '402106070', NULL, 'grade_4_up', 'female', 'San Isidro Labrador II', NULL, NULL, '2026-02-13 23:08:58', '2026-02-13 23:08:58');

-- --------------------------------------------------------

--
-- Table structure for table `lessons`
--

CREATE TABLE `lessons` (
  `id` bigint(20) UNSIGNED NOT NULL,
  `module_id` bigint(20) UNSIGNED NOT NULL,
  `title` varchar(255) NOT NULL,
  `content_type` enum('text','video','worksheet','interactive') NOT NULL DEFAULT 'text',
  `text_content` text DEFAULT NULL,
  `description` text DEFAULT NULL,
  `image_attachments` longtext CHARACTER SET utf8mb4 COLLATE utf8mb4_bin DEFAULT NULL CHECK (json_valid(`image_attachments`)),
  `slideshow_data` longtext CHARACTER SET utf8mb4 COLLATE utf8mb4_bin DEFAULT NULL CHECK (json_valid(`slideshow_data`)),
  `interactive_config` longtext CHARACTER SET utf8mb4 COLLATE utf8mb4_bin DEFAULT NULL CHECK (json_valid(`interactive_config`)),
  `video_provider` varchar(255) DEFAULT NULL,
  `video_id` varchar(255) DEFAULT NULL,
  `video_file_path` varchar(255) DEFAULT NULL,
  `file_path` varchar(255) DEFAULT NULL,
  `order` int(11) NOT NULL DEFAULT 0,
  `duration` int(11) DEFAULT NULL,
  `is_published` tinyint(1) NOT NULL DEFAULT 1,
  `created_at` timestamp NULL DEFAULT NULL,
  `updated_at` timestamp NULL DEFAULT NULL
) ENGINE=InnoDB DEFAULT CHARSET=utf8mb4 COLLATE=utf8mb4_unicode_ci;

--
-- Dumping data for table `lessons`
--

INSERT INTO `lessons` (`id`, `module_id`, `title`, `content_type`, `text_content`, `description`, `image_attachments`, `slideshow_data`, `interactive_config`, `video_provider`, `video_id`, `video_file_path`, `file_path`, `order`, `duration`, `is_published`, `created_at`, `updated_at`) VALUES
(1, 2, 'What is Growing Up?', 'text', NULL, 'Growing up means your body and mind slowly change as you get older. Everyone grows at their own pace, and that is normal.', NULL, NULL, NULL, NULL, NULL, NULL, NULL, 1, 10, 1, '2026-02-14 20:47:39', '2026-02-16 21:03:47');

-- --------------------------------------------------------

--
-- Table structure for table `lesson_topics`
--

CREATE TABLE `lesson_topics` (
  `id` bigint(20) UNSIGNED NOT NULL,
  `lesson_id` bigint(20) UNSIGNED NOT NULL,
  `title` varchar(255) NOT NULL,
  `type` enum('video','text','worksheet','quiz','interactive') NOT NULL DEFAULT 'text',
  `video_provider` varchar(255) DEFAULT NULL,
  `video_id` varchar(255) DEFAULT NULL,
  `video_file_path` varchar(255) DEFAULT NULL,
  `text_content` longtext DEFAULT NULL,
  `file_path` varchar(255) DEFAULT NULL,
  `worksheet_files` longtext CHARACTER SET utf8mb4 COLLATE utf8mb4_bin DEFAULT NULL CHECK (json_valid(`worksheet_files`)),
  `quiz_id` bigint(20) UNSIGNED DEFAULT NULL,
  `interactive_config` longtext CHARACTER SET utf8mb4 COLLATE utf8mb4_bin DEFAULT NULL CHECK (json_valid(`interactive_config`)),
  `image_attachments` longtext CHARACTER SET utf8mb4 COLLATE utf8mb4_bin DEFAULT NULL CHECK (json_valid(`image_attachments`)),
  `slideshow_data` longtext CHARACTER SET utf8mb4 COLLATE utf8mb4_bin DEFAULT NULL CHECK (json_valid(`slideshow_data`)),
  `duration` int(11) DEFAULT NULL COMMENT 'Duration in minutes',
  `is_prerequisite` tinyint(1) NOT NULL DEFAULT 0,
  `order` int(11) NOT NULL DEFAULT 0,
  `created_at` timestamp NULL DEFAULT NULL,
  `updated_at` timestamp NULL DEFAULT NULL
) ENGINE=InnoDB DEFAULT CHARSET=utf8mb4 COLLATE=utf8mb4_unicode_ci;

--
-- Dumping data for table `lesson_topics`
--

INSERT INTO `lesson_topics` (`id`, `lesson_id`, `title`, `type`, `video_provider`, `video_id`, `video_file_path`, `text_content`, `file_path`, `worksheet_files`, `quiz_id`, `interactive_config`, `image_attachments`, `slideshow_data`, `duration`, `is_prerequisite`, `order`, `created_at`, `updated_at`) VALUES
(2, 1, 'Children grow taller and stronger', 'text', NULL, NULL, NULL, '<p>Children grow taller and stronger&nbsp;<span style=\"background-color: #000000;\"><mark class=\"HxTRcb\">through a combination of nutrient-dense nutrition, adequate sleep, and regular physical activity</mark>,</span> which support bone development, muscle growth, and hormone production. Key nutrients include protein for tissue repair, calcium and vitamin D for bone strength, and zinc for overall growth.</p>\r\n<p>&nbsp;</p>\r\n<div class=\"Y3BBE\" data-sfc-cp=\"\" data-hveid=\"CAIQAA\" data-processed=\"true\"><strong class=\"Yjhzub\">Key Factors for Growth:</strong><button class=\"rBl3me\" tabindex=\"0\" data-amic=\"true\" data-icl-uuid=\"84495b08-9ac6-4047-a925-87205169e8e0\" aria-label=\"View related links\" data-wiz-attrbind=\"disabled=vSq50e_p/C5gNJc;aria-label=vSq50e_p/bOjMyf;class=vSq50e_p/UpSNec\" data-ved=\"2ahUKEwiN4Nqh2dqSAxW3a_UHHelDD3sQye0OegQIAhAB\" data-processed=\"true\"></button></div>\r\n<ul class=\"KsbFXc U6u95\" data-processed=\"true\">\r\n<li data-hveid=\"CAMQAA\" data-processed=\"true\"><span class=\"T286Pc\" data-sfc-cp=\"\" data-processed=\"true\"><strong class=\"Yjhzub\" data-processed=\"true\">Nutrition:</strong>&nbsp;A balanced diet includes lean meats (chicken, beef), poultry, fish, eggs, dairy products (milk, yogurt), and vegetables like broccoli and spinach.</span></li>\r\n<li data-hveid=\"CAMQAQ\" data-processed=\"true\"><span class=\"T286Pc\" data-sfc-cp=\"\" data-processed=\"true\"><strong class=\"Yjhzub\" data-processed=\"true\">Nutrients:</strong></span>\r\n<ul class=\"KsbFXc U6u95\" data-processed=\"true\">\r\n<li data-hveid=\"CAMQAg\" data-processed=\"true\"><span class=\"T286Pc\" data-sfc-cp=\"\" data-processed=\"true\"><strong class=\"Yjhzub\" data-processed=\"true\">Protein:</strong>&nbsp;Essential for muscle, bone, and tissue development.</span></li>\r\n<li data-hveid=\"CAMQAw\" data-processed=\"true\"><span class=\"T286Pc\" data-sfc-cp=\"\" data-processed=\"true\"><strong class=\"Yjhzub\" data-processed=\"true\">Calcium &amp; Vitamin D:</strong>&nbsp;Crucial for building strong bones.</span></li>\r\n<li data-hveid=\"CAMQBA\" data-processed=\"true\"><span class=\"T286Pc\" data-sfc-cp=\"\" data-processed=\"true\"><strong class=\"Yjhzub\" data-processed=\"true\">Zinc:</strong>&nbsp;Supports growth hormone function, found in nuts, seeds, and whole grains.</span></li>\r\n</ul>\r\n</li>\r\n<li data-hveid=\"CAMQBQ\" data-processed=\"true\"><span class=\"T286Pc\" data-sfc-cp=\"\" data-processed=\"true\"><strong class=\"Yjhzub\" data-processed=\"true\">Sleep:</strong> Essential, as growth hormone works while children are asleep</span></li>\r\n<li data-hveid=\"CAMQBQ\" data-processed=\"true\"><span class=\"T286Pc\" data-sfc-cp=\"\" data-processed=\"true\"><strong class=\"Yjhzub\" data-processed=\"true\">Exercise:</strong>&nbsp;Regular activity strengthens muscles and bones.</span><span class=\"vKEkVd\" data-animation-atomic=\"\" data-wiz-attrbind=\"class=vSq50e_1f/TKHnVd\" data-processed=\"true\"><span aria-hidden=\"true\" data-processed=\"true\">&nbsp;</span><button class=\"rBl3me IWyTpf pjvauc\" tabindex=\"0\" data-amic=\"true\" data-icl-uuid=\"5d17adf9-e952-43a6-a01c-0a4e01e43ed1\" aria-label=\"Vinmec (+6) - View related links\" data-wiz-attrbind=\"disabled=vSq50e_1f/C5gNJc;aria-label=vSq50e_1f/bOjMyf;class=vSq50e_1f/UpSNec\" data-ved=\"2ahUKEwiN4Nqh2dqSAxW3a_UHHelDD3sQye0OegQIAxAH\" data-processed=\"true\"></button></span></li>\r\n</ul>\r\n<ul class=\"KsbFXc U6u95\" data-processed=\"true\">\r\n<li data-hveid=\"CAUQAg\" data-processed=\"true\">&nbsp;</li>\r\n</ul>', NULL, NULL, NULL, NULL, '[{\"path\":\"lesson-images\\/fzflzyy0A5AmShPnGeUteElO5juKtCwMvvIscPYB.png\",\"caption\":null,\"original_name\":\"image_2026-02-15_125306216.png\"}]', NULL, 2, 1, 1, '2026-02-14 20:54:52', '2026-02-14 20:54:52'),
(3, 1, 'Feelings can change', 'video', 'local', NULL, 'videos/tSn38U1sUUInAyCBr0mzQxtexKkmtmsIqwoqICdm.mp4', 'Feelings are temporary and can change from moment to moment. Understanding that emotions are not permanent helps children build resilience and manage their reactions more effectively.', NULL, NULL, NULL, NULL, NULL, NULL, 2, 1, 2, '2026-02-15 00:03:45', '2026-02-15 00:03:45'),
(4, 1, 'Worksheet Assessment', 'worksheet', NULL, NULL, NULL, 'This is a test instruction', 'worksheets/MRCWmUVgr0497jtVQFHex2ZjSopmX7DDiuGt7XQH.pdf', NULL, NULL, NULL, NULL, NULL, 1, 1, 3, '2026-02-16 04:20:00', '2026-02-16 04:20:00'),
(5, 1, 'Test Worksheet Multiple', 'worksheet', NULL, NULL, NULL, 'This is a test instruction', 'worksheets/1M1VbveuZaMgj48wbgpk9B8nXiSNeeo8wSHXuaAw.pdf', '[{\"path\":\"worksheets\\/1M1VbveuZaMgj48wbgpk9B8nXiSNeeo8wSHXuaAw.pdf\",\"original_name\":\"Laravel12 Artisan Cheatsheet 2025 (1).pdf\",\"mime_type\":\"application\\/pdf\",\"size\":82636},{\"path\":\"worksheets\\/CKr6w538P6S1Ve63V0WmPdN3xAFTgtToPVz806RX.pdf\",\"original_name\":\"VS-Code-Cheat-Sheet-2025.pdf\",\"mime_type\":\"application\\/pdf\",\"size\":139344}]', NULL, NULL, NULL, NULL, 1, 1, 4, '2026-02-16 05:15:57', '2026-02-16 05:15:57'),
(11, 1, 'Everyone is different', 'text', NULL, NULL, NULL, '<div class=\"Y3BBE\" data-sfc-cp=\"\" data-hveid=\"CAEQAA\" data-processed=\"true\">\"Everyone is different\" is a central theme in many educational, children&rsquo;s, and personal development resources, designed to celebrate uniqueness, foster inclusivity, and teach empathy. Content on this topic generally focuses on the idea that despite variations in appearance, ability, culture, or personality, everyone is special and worthy of respect.<span aria-hidden=\"true\" data-processed=\"true\">&nbsp;</span>\r\n<div class=\"Fwa2Od\" data-animation-skip=\"\" data-signal-inputs=\"scS1X=Ksdude_a/scS1X\" data-ved=\"2ahUKEwjA0vGs39-SAxU7qVYBHfvDGpsQ3s0SegQIARAC\" data-processed=\"true\">&nbsp;</div>\r\n</div>\r\n<div class=\"Y3BBE\" data-sfc-cp=\"\" data-hveid=\"CAIQAA\" data-processed=\"true\"><strong class=\"Yjhzub\" data-processed=\"true\">Key Themes in \"Everyone is Different\" Content</strong></div>\r\n<ul class=\"KsbFXc U6u95\" style=\"list-style-type: disc;\" data-processed=\"true\">\r\n<li data-hveid=\"CAMQAA\" data-processed=\"true\"><span class=\"T286Pc\" data-sfc-cp=\"\" data-processed=\"true\"><strong class=\"Yjhzub\" data-processed=\"true\">Celebrating Uniqueness:</strong>&nbsp;Resources highlight that no two people are the same, covering differences in hair/eye color, skin tone, and physical abilities (wheelchairs, limb differences).</span></li>\r\n<li data-hveid=\"CAMQAQ\" data-processed=\"true\"><span class=\"T286Pc\" data-sfc-cp=\"\" data-processed=\"true\"><strong class=\"Yjhzub\" data-processed=\"true\">Diversity &amp; Inclusion:</strong>&nbsp;Content often explores different family structures (two dads, grandparents, single moms), languages, and cultural backgrounds to promote acceptance.</span></li>\r\n<li data-hveid=\"CAMQAg\" data-processed=\"true\"><span class=\"T286Pc\" data-sfc-cp=\"\" data-processed=\"true\"><strong class=\"Yjhzub\" data-processed=\"true\">Overcoming Stereotypes:</strong> The focus is on embracing differences as a strength rather than a barrier, discouraging teasing or bullying based on appearance or behavior.</span></li>\r\n</ul>\r\n<div class=\"Y3BBE\" data-sfc-cp=\"\" data-hveid=\"CAQQAA\" data-processed=\"true\"><strong class=\"Yjhzub\" data-processed=\"true\">Common Content Examples</strong></div>\r\n<ul class=\"KsbFXc U6u95\" data-processed=\"true\">\r\n<li data-hveid=\"CAUQAA\" data-processed=\"true\"><span class=\"T286Pc\" data-sfc-cp=\"\" data-processed=\"true\"><strong class=\"Yjhzub\" data-processed=\"true\">Children\'s Books:</strong>&nbsp;Titles like&nbsp;<em class=\"eujQNb\" data-processed=\"true\">Everyone is Different! A little book with a BIG message</em>&nbsp;(highlighting unique traits),&nbsp;<em class=\"eujQNb\" data-processed=\"true\">Everyone is Different, Everyone is Special</em>&nbsp;(addressing disabilities and physical differences), and&nbsp;<em class=\"eujQNb\" data-processed=\"true\">Everyone is Different and that\'s OK!</em>.</span></li>\r\n<li data-hveid=\"CAUQAQ\" data-processed=\"true\"><span class=\"T286Pc\" data-sfc-cp=\"\" data-processed=\"true\"><strong class=\"Yjhzub\" data-processed=\"true\">Educational Videos:</strong>&nbsp;Videos that discuss diversity in hair, skin, and preferences to show that differences make the world more interesting.</span></li>\r\n<li data-hveid=\"CAUQAg\" data-processed=\"true\"><span class=\"T286Pc\" data-sfc-cp=\"\" data-processed=\"true\"><strong class=\"Yjhzub\" data-processed=\"true\">Educational Materials:</strong><span class=\"T286Pc\" data-sfc-cp=\"\" data-processed=\"true\">&nbsp;Resources from organizations like the<strong>&nbsp;<span style=\"background-color: #000000;\" data-sfc-cp=\"\" data-processed=\"true\"><a class=\"H23r4e\" style=\"background-color: #000000;\" href=\"https://www.google.com/url?sa=i&amp;source=web&amp;rct=j&amp;url=https://www.thewatsoninstitute.org/resource/everyone-is-different/&amp;ved=2ahUKEwjA0vGs39-SAxU7qVYBHfvDGpsQy_kOegQIBRAD&amp;opi=89978449&amp;cd&amp;psig=AOvVaw2CTQ_1azKyiLTivOTUwZxL&amp;ust=1771390868113000\" target=\"_blank\" rel=\"noopener\" data-hveid=\"CAUQAw\" data-processed=\"true\">Watson Institute</a></span>,</strong> which offer, for example, a \"Facilitators Guide,\" PowerPoints, and activity cards to teach about differences in social skills</span>.</span><span aria-hidden=\"true\" data-processed=\"true\">&nbsp;</span></li>\r\n</ul>', NULL, NULL, NULL, NULL, '[{\"path\":\"lesson-images\\/WoilCLFa3492mDQb47wl8AIIFgF8hfmVLVTGqgoS.jpg\",\"caption\":\"E\",\"original_name\":\"thumbNailSample2.jpg\"},{\"path\":\"lesson-images\\/UWMA1eRybaKAeE7Lbnajeka5wnEIkz9ujxsUoq65.jpg\",\"caption\":\"A\",\"original_name\":\"thumbNailSample3.jpg\"},{\"path\":\"lesson-images\\/dCg2oIJ261b4iXAJqobemluPU13IYaxSHDQsbVAc.jpg\",\"caption\":\"D\",\"original_name\":\"thumbNailSample4.jpg\"},{\"path\":\"lesson-images\\/4XCiyBLYu9J9Nwe6DiWn7R9vIeF9kKb5Nyb7vmkZ.jpg\",\"caption\":\"C\",\"original_name\":\"ED3.jpg\"},{\"path\":\"lesson-images\\/AwkxZHDaespcy1y40AjnJQQGqQvTyOKDx5hjNanu.png\",\"caption\":\"B\",\"original_name\":\"ED2.png\"}]', '{\"enabled\":true,\"gallery_mode\":\"grid\",\"slideshow_mode\":\"slide\",\"auto_play\":false,\"show_thumbnails\":true,\"allow_toggle\":true}', 4, 1, 5, '2026-02-16 21:03:47', '2026-02-16 21:03:47');

-- --------------------------------------------------------

--
-- Table structure for table `lesson_topic_progress`
--

CREATE TABLE `lesson_topic_progress` (
  `id` bigint(20) UNSIGNED NOT NULL,
  `user_id` bigint(20) UNSIGNED NOT NULL,
  `lesson_topic_id` bigint(20) UNSIGNED NOT NULL,
  `completed` tinyint(1) NOT NULL DEFAULT 0,
  `completed_at` timestamp NULL DEFAULT NULL,
  `created_at` timestamp NULL DEFAULT NULL,
  `updated_at` timestamp NULL DEFAULT NULL
) ENGINE=InnoDB DEFAULT CHARSET=utf8mb4 COLLATE=utf8mb4_unicode_ci;

--
-- Dumping data for table `lesson_topic_progress`
--

INSERT INTO `lesson_topic_progress` (`id`, `user_id`, `lesson_topic_id`, `completed`, `completed_at`, `created_at`, `updated_at`) VALUES
(1, 12, 2, 1, '2026-02-15 00:11:59', '2026-02-15 00:11:59', '2026-02-15 00:11:59'),
(2, 12, 3, 1, '2026-02-15 00:12:33', '2026-02-15 00:12:33', '2026-02-15 00:12:33'),
(3, 11, 2, 1, '2026-02-16 04:22:19', '2026-02-16 04:22:19', '2026-02-16 04:22:19'),
(4, 11, 3, 1, '2026-02-16 04:23:00', '2026-02-16 04:23:00', '2026-02-16 04:23:00'),
(5, 11, 4, 1, '2026-02-16 04:23:04', '2026-02-16 04:23:04', '2026-02-16 04:23:04'),
(6, 11, 5, 1, '2026-02-16 20:15:21', '2026-02-16 20:15:21', '2026-02-16 20:15:21'),
(8, 11, 11, 1, '2026-02-16 21:08:23', '2026-02-16 21:08:23', '2026-02-16 21:08:23');

-- --------------------------------------------------------

--
-- Table structure for table `migrations`
--

CREATE TABLE `migrations` (
  `id` int(10) UNSIGNED NOT NULL,
  `migration` varchar(255) NOT NULL,
  `batch` int(11) NOT NULL
) ENGINE=InnoDB DEFAULT CHARSET=utf8mb4 COLLATE=utf8mb4_unicode_ci;

--
-- Dumping data for table `migrations`
--

INSERT INTO `migrations` (`id`, `migration`, `batch`) VALUES
(1, '0001_01_01_000000_create_users_table', 1),
(2, '0001_01_01_000001_create_cache_table', 1),
(3, '0001_01_01_000002_create_jobs_table', 1),
(4, '2025_01_01_000000_create_regions_table', 1),
(5, '2025_01_01_000001_create_provinces_table', 1),
(6, '2025_01_01_000002_create_cities_table', 1),
(7, '2025_01_01_000003_create_barangays_table', 1),
(8, '2026_01_06_085803_create_user_profiles_table', 1),
(9, '2026_01_06_085814_create_counselors_table', 1),
(10, '2026_01_06_085814_create_subscriptions_table', 1),
(11, '2026_01_06_085815_create_clinics_table', 1),
(12, '2026_01_06_085815_create_organizations_table', 1),
(13, '2026_01_06_085816_create_payments_table', 1),
(14, '2026_01_06_085823_create_modules_table', 1),
(15, '2026_01_06_085824_create_lessons_table', 1),
(16, '2026_01_06_085824_create_quizzes_table', 1),
(17, '2026_01_06_085825_create_quiz_questions_table', 1),
(18, '2026_01_06_085826_create_quiz_options_table', 1),
(19, '2026_01_06_085827_create_quiz_attempts_table', 1),
(20, '2026_01_06_085828_create_quiz_daily_limits_table', 1),
(21, '2026_01_06_085829_create_user_gamification_table', 1),
(22, '2026_01_06_085830_create_user_progress_table', 1),
(23, '2026_01_06_085831_create_module_enrollments_table', 1),
(24, '2026_01_06_085832_create_certificates_table', 1),
(25, '2026_01_06_085833_create_achievements_table', 1),
(26, '2026_01_06_085834_create_rewards_logs_table', 1),
(27, '2026_01_06_085835_create_seminars_table', 1),
(28, '2026_01_06_085836_create_seminar_organizations_table', 1),
(29, '2026_01_06_085837_create_seminar_registrants_table', 1),
(30, '2026_01_06_085838_create_consultations_table', 1),
(31, '2026_01_06_085839_create_module_attachments_table', 1),
(32, '2026_01_06_085840_create_activity_logs_table', 1),
(33, '2026_01_06_111314_create_permission_tables', 1),
(34, '2026_01_12_071715_create_user_gamifications_table', 1),
(35, '2026_01_12_102232_add_type_and_duration_to_lessons_table', 1),
(36, '2026_01_14_105625_create_learner_profiles_table', 1),
(37, '2026_01_14_105744_add_first_last_name_to_users_table', 1),
(38, '2026_01_14_110235_add_grade_level_to_modules_table', 1),
(39, '2026_01_14_115830_add_unique_lowercase_email_to_users', 1),
(40, '2026_01_18_054026_add_difficulty_level_to_modules_table', 1),
(41, '2026_01_18_060649_refactor_lessons_table_for_content_types', 1),
(42, '2026_01_18_064525_add_completed_lessons_count_to_user_progress_table', 1),
(43, '2026_01_19_043424_add_username_changed_at_to_learner_profiles_table', 1),
(44, '2026_01_19_044106_update_quiz_questions_question_type_enum', 1),
(45, '2026_01_19_044219_add_final_quiz_to_modules_table', 1),
(46, '2026_01_19_051002_update_quiz_attempts_table_structure', 1),
(47, '2026_01_26_000002_update_learner_profiles_for_age_bracket_system', 1),
(48, '2026_01_26_000004_update_modules_for_age_bracket_system', 1),
(49, '2026_01_28_000001_update_learner_profiles_psgc_foreign_keys', 1),
(50, '2026_01_28_000002_remove_parent_consent_from_learner_profiles', 1),
(51, '2026_01_28_082811_enhance_lessons_table_with_rich_media_support', 1),
(52, '2026_01_28_100000_add_scheduled_publish_to_modules', 1),
(53, '2026_01_29_082138_add_total_points_to_user_gamifications_table', 1),
(54, '2026_02_03_000000_create_lesson_topics_table', 1),
(55, '2026_02_03_065153_drop_scheduled_publish_columns_from_modules', 1),
(56, '2026_02_03_100000_cleanup_lessons_table', 1),
(57, '2026_02_09_000000_remove_difficulty_grade_from_modules', 1),
(58, '2026_02_10_000000_create_instructor_role_and_migrate_admins', 1),
(59, '2026_02_11_000001_add_registration_fields_to_users_table', 2),
(60, '2026_02_11_000002_create_parent_child_system', 2),
(61, '2026_02_11_000003_add_province_code_to_learner_profiles', 3),
(62, '2026_02_15_000001_add_enrollment_mode_to_modules_table', 3),
(63, '2026_02_15_000002_add_status_to_module_enrollments_table', 3),
(64, '2026_02_16_000000_add_worksheet_files_to_lesson_topics_table', 4);

-- --------------------------------------------------------

--
-- Table structure for table `model_has_permissions`
--

CREATE TABLE `model_has_permissions` (
  `permission_id` bigint(20) UNSIGNED NOT NULL,
  `model_type` varchar(255) NOT NULL,
  `model_id` bigint(20) UNSIGNED NOT NULL
) ENGINE=InnoDB DEFAULT CHARSET=utf8mb4 COLLATE=utf8mb4_unicode_ci;

-- --------------------------------------------------------

--
-- Table structure for table `model_has_roles`
--

CREATE TABLE `model_has_roles` (
  `role_id` bigint(20) UNSIGNED NOT NULL,
  `model_type` varchar(255) NOT NULL,
  `model_id` bigint(20) UNSIGNED NOT NULL
) ENGINE=InnoDB DEFAULT CHARSET=utf8mb4 COLLATE=utf8mb4_unicode_ci;

--
-- Dumping data for table `model_has_roles`
--

INSERT INTO `model_has_roles` (`role_id`, `model_type`, `model_id`) VALUES
(1, 'App\\Models\\User', 1),
(3, 'App\\Models\\User', 4),
(3, 'App\\Models\\User', 5),
(3, 'App\\Models\\User', 6),
(3, 'App\\Models\\User', 7),
(3, 'App\\Models\\User', 8),
(3, 'App\\Models\\User', 9),
(3, 'App\\Models\\User', 10),
(3, 'App\\Models\\User', 11),
(3, 'App\\Models\\User', 12);

-- --------------------------------------------------------

--
-- Table structure for table `modules`
--

CREATE TABLE `modules` (
  `id` bigint(20) UNSIGNED NOT NULL,
  `title` varchar(255) NOT NULL,
  `description` text DEFAULT NULL,
  `min_age` int(11) NOT NULL DEFAULT 5,
  `max_age` int(11) NOT NULL DEFAULT 100,
  `age_specific_content` longtext CHARACTER SET utf8mb4 COLLATE utf8mb4_bin DEFAULT NULL CHECK (json_valid(`age_specific_content`)),
  `thumbnail` varchar(255) DEFAULT NULL,
  `order` int(11) NOT NULL DEFAULT 0,
  `duration_minutes` int(11) DEFAULT NULL,
  `is_published` tinyint(1) NOT NULL DEFAULT 0,
  `is_premium` tinyint(1) NOT NULL DEFAULT 0,
  `enrollment_mode` enum('auto','manual') NOT NULL DEFAULT 'auto',
  `final_quiz_id` bigint(20) UNSIGNED DEFAULT NULL,
  `certificate_pass_score` int(11) NOT NULL DEFAULT 80,
  `created_at` timestamp NULL DEFAULT NULL,
  `updated_at` timestamp NULL DEFAULT NULL,
  `deleted_at` timestamp NULL DEFAULT NULL
) ENGINE=InnoDB DEFAULT CHARSET=utf8mb4 COLLATE=utf8mb4_unicode_ci;

--
-- Dumping data for table `modules`
--

INSERT INTO `modules` (`id`, `title`, `description`, `min_age`, `max_age`, `age_specific_content`, `thumbnail`, `order`, `duration_minutes`, `is_published`, `is_premium`, `enrollment_mode`, `final_quiz_id`, `certificate_pass_score`, `created_at`, `updated_at`, `deleted_at`) VALUES
(1, 'Module 1: Growing Up and Changing', 'Basic understanding of body growth and personal care.', 5, 12, NULL, 'modules/jk84JOd4FL3ceYs40DvyHwlcYZ7iaTHFfw2uPP5q.webp', 1, 0, 1, 0, 'auto', NULL, 80, '2026-02-14 20:45:14', '2026-02-14 20:46:30', '2026-02-14 20:46:30'),
(2, 'Module 1: Growing Up and Changing', 'Basic understanding of body growth and personal care.', 5, 12, NULL, 'modules/63NXYstr7MLpBEoZcJaLIKEiJZtDdNvCdFgVyU2I.webp', 2, 10, 1, 0, 'auto', NULL, 80, '2026-02-14 20:46:24', '2026-02-16 21:03:47', NULL),
(3, 'Personal Hygiene and Safety', 'Bathing, brushing teeth, and washing hands help keep your body healthy.', 5, 12, NULL, 'modules/NlUJVVh6S5W6fIEd8Qfe9D9ipgizU1uSxtqfOWrH.png', 3, 0, 1, 0, 'manual', NULL, 80, '2026-02-14 21:57:38', '2026-02-14 21:57:38', NULL);

-- --------------------------------------------------------

--
-- Table structure for table `module_attachments`
--

CREATE TABLE `module_attachments` (
  `id` bigint(20) UNSIGNED NOT NULL,
  `module_id` bigint(20) UNSIGNED NOT NULL,
  `file_name` varchar(255) NOT NULL,
  `file_path` varchar(255) NOT NULL,
  `file_type` varchar(50) NOT NULL,
  `file_size` bigint(20) UNSIGNED NOT NULL,
  `is_premium` tinyint(1) NOT NULL DEFAULT 1,
  `created_at` timestamp NULL DEFAULT NULL,
  `updated_at` timestamp NULL DEFAULT NULL
) ENGINE=InnoDB DEFAULT CHARSET=utf8mb4 COLLATE=utf8mb4_unicode_ci;

-- --------------------------------------------------------

--
-- Table structure for table `module_enrollments`
--

CREATE TABLE `module_enrollments` (
  `id` bigint(20) UNSIGNED NOT NULL,
  `user_id` bigint(20) UNSIGNED NOT NULL,
  `module_id` bigint(20) UNSIGNED NOT NULL,
  `status` enum('pending','approved','rejected') NOT NULL DEFAULT 'approved',
  `enrolled_at` timestamp NOT NULL DEFAULT current_timestamp() ON UPDATE current_timestamp(),
  `completed_at` timestamp NULL DEFAULT NULL,
  `completion_percentage` int(11) NOT NULL DEFAULT 0,
  `created_at` timestamp NULL DEFAULT NULL,
  `updated_at` timestamp NULL DEFAULT NULL
) ENGINE=InnoDB DEFAULT CHARSET=utf8mb4 COLLATE=utf8mb4_unicode_ci;

--
-- Dumping data for table `module_enrollments`
--

INSERT INTO `module_enrollments` (`id`, `user_id`, `module_id`, `status`, `enrolled_at`, `completed_at`, `completion_percentage`, `created_at`, `updated_at`) VALUES
(3, 11, 3, 'approved', '2026-02-14 23:08:32', NULL, 0, '2026-02-14 22:49:49', '2026-02-14 23:08:32'),
(5, 12, 3, 'approved', '2026-02-14 22:55:07', NULL, 0, '2026-02-14 22:54:45', '2026-02-14 22:55:07'),
(6, 12, 2, 'approved', '2026-02-15 00:11:40', NULL, 0, '2026-02-15 00:11:40', '2026-02-15 00:11:40'),
(7, 11, 2, 'approved', '2026-02-16 04:21:50', NULL, 0, '2026-02-16 04:21:50', '2026-02-16 04:21:50');

-- --------------------------------------------------------

--
-- Table structure for table `organizations`
--

CREATE TABLE `organizations` (
  `id` bigint(20) UNSIGNED NOT NULL,
  `user_id` bigint(20) UNSIGNED NOT NULL,
  `name` varchar(255) NOT NULL,
  `description` text DEFAULT NULL,
  `contact_info` varchar(255) DEFAULT NULL,
  `location` varchar(255) DEFAULT NULL,
  `created_at` timestamp NULL DEFAULT NULL,
  `updated_at` timestamp NULL DEFAULT NULL
) ENGINE=InnoDB DEFAULT CHARSET=utf8mb4 COLLATE=utf8mb4_unicode_ci;

-- --------------------------------------------------------

--
-- Table structure for table `parent_child_accounts`
--

CREATE TABLE `parent_child_accounts` (
  `id` bigint(20) UNSIGNED NOT NULL,
  `parent_user_id` bigint(20) UNSIGNED NOT NULL,
  `child_user_id` bigint(20) UNSIGNED NOT NULL,
  `can_view_progress` tinyint(1) NOT NULL DEFAULT 1,
  `can_view_quiz_answers` tinyint(1) NOT NULL DEFAULT 1,
  `can_approve_content` tinyint(1) NOT NULL DEFAULT 0,
  `relationship_verified_at` timestamp NULL DEFAULT NULL,
  `created_at` timestamp NULL DEFAULT NULL,
  `updated_at` timestamp NULL DEFAULT NULL
) ENGINE=InnoDB DEFAULT CHARSET=utf8mb4 COLLATE=utf8mb4_unicode_ci;

--
-- Dumping data for table `parent_child_accounts`
--

INSERT INTO `parent_child_accounts` (`id`, `parent_user_id`, `child_user_id`, `can_view_progress`, `can_view_quiz_answers`, `can_approve_content`, `relationship_verified_at`, `created_at`, `updated_at`) VALUES
(1, 10, 11, 1, 1, 0, '2026-02-13 22:54:41', '2026-02-13 22:54:41', '2026-02-13 22:54:41'),
(2, 10, 12, 1, 1, 0, '2026-02-13 23:08:58', '2026-02-13 23:08:58', '2026-02-13 23:08:58');

-- --------------------------------------------------------

--
-- Table structure for table `password_reset_tokens`
--

CREATE TABLE `password_reset_tokens` (
  `email` varchar(255) NOT NULL,
  `token` varchar(255) NOT NULL,
  `created_at` timestamp NULL DEFAULT NULL
) ENGINE=InnoDB DEFAULT CHARSET=utf8mb4 COLLATE=utf8mb4_unicode_ci;

-- --------------------------------------------------------

--
-- Table structure for table `payments`
--

CREATE TABLE `payments` (
  `id` bigint(20) UNSIGNED NOT NULL,
  `user_id` bigint(20) UNSIGNED NOT NULL,
  `subscription_id` bigint(20) UNSIGNED DEFAULT NULL,
  `amount` decimal(10,2) NOT NULL,
  `method` enum('gcash','paymaya','card','bank_transfer') DEFAULT NULL,
  `status` enum('pending','completed','failed','refunded') NOT NULL DEFAULT 'pending',
  `transaction_id` varchar(255) DEFAULT NULL,
  `payment_details` text DEFAULT NULL,
  `paid_at` timestamp NULL DEFAULT NULL,
  `created_at` timestamp NULL DEFAULT NULL,
  `updated_at` timestamp NULL DEFAULT NULL
) ENGINE=InnoDB DEFAULT CHARSET=utf8mb4 COLLATE=utf8mb4_unicode_ci;

-- --------------------------------------------------------

--
-- Table structure for table `permissions`
--

CREATE TABLE `permissions` (
  `id` bigint(20) UNSIGNED NOT NULL,
  `name` varchar(255) NOT NULL,
  `guard_name` varchar(255) NOT NULL,
  `created_at` timestamp NULL DEFAULT NULL,
  `updated_at` timestamp NULL DEFAULT NULL
) ENGINE=InnoDB DEFAULT CHARSET=utf8mb4 COLLATE=utf8mb4_unicode_ci;

--
-- Dumping data for table `permissions`
--

INSERT INTO `permissions` (`id`, `name`, `guard_name`, `created_at`, `updated_at`) VALUES
(1, 'view-modules', 'web', '2026-02-10 05:35:22', '2026-02-10 05:35:22'),
(2, 'create-modules', 'web', '2026-02-10 05:35:22', '2026-02-10 05:35:22'),
(3, 'edit-modules', 'web', '2026-02-10 05:35:22', '2026-02-10 05:35:22'),
(4, 'delete-modules', 'web', '2026-02-10 05:35:22', '2026-02-10 05:35:22'),
(5, 'publish-modules', 'web', '2026-02-10 05:35:22', '2026-02-10 05:35:22'),
(6, 'view-lessons', 'web', '2026-02-10 05:35:22', '2026-02-10 05:35:22'),
(7, 'create-lessons', 'web', '2026-02-10 05:35:22', '2026-02-10 05:35:22'),
(8, 'edit-lessons', 'web', '2026-02-10 05:35:22', '2026-02-10 05:35:22'),
(9, 'delete-lessons', 'web', '2026-02-10 05:35:22', '2026-02-10 05:35:22'),
(10, 'publish-lessons', 'web', '2026-02-10 05:35:22', '2026-02-10 05:35:22'),
(11, 'view-topics', 'web', '2026-02-10 05:35:22', '2026-02-10 05:35:22'),
(12, 'create-topics', 'web', '2026-02-10 05:35:22', '2026-02-10 05:35:22'),
(13, 'edit-topics', 'web', '2026-02-10 05:35:22', '2026-02-10 05:35:22'),
(14, 'delete-topics', 'web', '2026-02-10 05:35:22', '2026-02-10 05:35:22'),
(15, 'view-quizzes', 'web', '2026-02-10 05:35:22', '2026-02-10 05:35:22'),
(16, 'create-quizzes', 'web', '2026-02-10 05:35:22', '2026-02-10 05:35:22'),
(17, 'edit-quizzes', 'web', '2026-02-10 05:35:22', '2026-02-10 05:35:22'),
(18, 'delete-quizzes', 'web', '2026-02-10 05:35:22', '2026-02-10 05:35:22'),
(19, 'view-learners', 'web', '2026-02-10 05:35:22', '2026-02-10 05:35:22'),
(20, 'view-learner-progress', 'web', '2026-02-10 05:35:22', '2026-02-10 05:35:22'),
(21, 'grade-assessments', 'web', '2026-02-10 05:35:22', '2026-02-10 05:35:22'),
(22, 'approve-module-access', 'web', '2026-02-10 05:35:22', '2026-02-10 05:35:22'),
(23, 'view-content-analytics', 'web', '2026-02-10 05:35:22', '2026-02-10 05:35:22'),
(24, 'export-learner-data', 'web', '2026-02-10 05:35:22', '2026-02-10 05:35:22'),
(25, 'manage-subscriptions', 'web', '2026-02-10 05:35:22', '2026-02-10 05:35:22'),
(26, 'create-subscription-plans', 'web', '2026-02-10 05:35:22', '2026-02-10 05:35:22'),
(27, 'edit-subscription-plans', 'web', '2026-02-10 05:35:22', '2026-02-10 05:35:22'),
(28, 'delete-subscription-plans', 'web', '2026-02-10 05:35:22', '2026-02-10 05:35:22'),
(29, 'manage-payments', 'web', '2026-02-10 05:35:22', '2026-02-10 05:35:22'),
(30, 'view-all-payments', 'web', '2026-02-10 05:35:22', '2026-02-10 05:35:22'),
(31, 'process-refunds', 'web', '2026-02-10 05:35:22', '2026-02-10 05:35:22'),
(32, 'manage-users', 'web', '2026-02-10 05:35:22', '2026-02-10 05:35:22'),
(33, 'create-instructors', 'web', '2026-02-10 05:35:22', '2026-02-10 05:35:22'),
(34, 'edit-users', 'web', '2026-02-10 05:35:22', '2026-02-10 05:35:22'),
(35, 'delete-users', 'web', '2026-02-10 05:35:22', '2026-02-10 05:35:22'),
(36, 'assign-roles', 'web', '2026-02-10 05:35:22', '2026-02-10 05:35:22'),
(37, 'manage-platform-settings', 'web', '2026-02-10 05:35:22', '2026-02-10 05:35:22'),
(38, 'view-system-logs', 'web', '2026-02-10 05:35:22', '2026-02-10 05:35:22'),
(39, 'manage-counselors', 'web', '2026-02-10 05:35:22', '2026-02-10 05:35:22'),
(40, 'manage-organizations', 'web', '2026-02-10 05:35:22', '2026-02-10 05:35:22'),
(41, 'view-system-analytics', 'web', '2026-02-10 05:35:22', '2026-02-10 05:35:22'),
(42, 'moderate-content', 'web', '2026-02-10 05:35:22', '2026-02-10 05:35:22'),
(43, 'view modules', 'web', '2026-02-10 05:35:22', '2026-02-10 05:35:22'),
(44, 'create modules', 'web', '2026-02-10 05:35:22', '2026-02-10 05:35:22'),
(45, 'edit modules', 'web', '2026-02-10 05:35:22', '2026-02-10 05:35:22'),
(46, 'delete modules', 'web', '2026-02-10 05:35:22', '2026-02-10 05:35:22'),
(47, 'publish modules', 'web', '2026-02-10 05:35:22', '2026-02-10 05:35:22'),
(48, 'view lessons', 'web', '2026-02-10 05:35:22', '2026-02-10 05:35:22'),
(49, 'create lessons', 'web', '2026-02-10 05:35:22', '2026-02-10 05:35:22'),
(50, 'edit lessons', 'web', '2026-02-10 05:35:22', '2026-02-10 05:35:22'),
(51, 'delete lessons', 'web', '2026-02-10 05:35:22', '2026-02-10 05:35:22'),
(52, 'view quizzes', 'web', '2026-02-10 05:35:22', '2026-02-10 05:35:22'),
(53, 'create quizzes', 'web', '2026-02-10 05:35:22', '2026-02-10 05:35:22'),
(54, 'edit quizzes', 'web', '2026-02-10 05:35:22', '2026-02-10 05:35:22'),
(55, 'delete quizzes', 'web', '2026-02-10 05:35:22', '2026-02-10 05:35:22'),
(56, 'take quizzes', 'web', '2026-02-10 05:35:22', '2026-02-10 05:35:22'),
(57, 'view quiz results', 'web', '2026-02-10 05:35:22', '2026-02-10 05:35:22'),
(58, 'view users', 'web', '2026-02-10 05:35:22', '2026-02-10 05:35:22'),
(59, 'create users', 'web', '2026-02-10 05:35:22', '2026-02-10 05:35:22'),
(60, 'edit users', 'web', '2026-02-10 05:35:22', '2026-02-10 05:35:22'),
(61, 'delete users', 'web', '2026-02-10 05:35:22', '2026-02-10 05:35:22'),
(62, 'manage roles', 'web', '2026-02-10 05:35:22', '2026-02-10 05:35:22'),
(63, 'view seminars', 'web', '2026-02-10 05:35:22', '2026-02-10 05:35:22'),
(64, 'create seminars', 'web', '2026-02-10 05:35:22', '2026-02-10 05:35:22'),
(65, 'edit seminars', 'web', '2026-02-10 05:35:22', '2026-02-10 05:35:22'),
(66, 'delete seminars', 'web', '2026-02-10 05:35:22', '2026-02-10 05:35:22'),
(67, 'register seminars', 'web', '2026-02-10 05:35:22', '2026-02-10 05:35:22'),
(68, 'request consultation', 'web', '2026-02-10 05:35:22', '2026-02-10 05:35:22'),
(69, 'manage consultations', 'web', '2026-02-10 05:35:22', '2026-02-10 05:35:22'),
(70, 'approve consultations', 'web', '2026-02-10 05:35:22', '2026-02-10 05:35:22'),
(71, 'manage clinics', 'web', '2026-02-10 05:35:22', '2026-02-10 05:35:22'),
(72, 'approve clinics', 'web', '2026-02-10 05:35:22', '2026-02-10 05:35:22'),
(73, 'manage counselors', 'web', '2026-02-10 05:35:22', '2026-02-10 05:35:22'),
(74, 'approve counselors', 'web', '2026-02-10 05:35:22', '2026-02-10 05:35:22'),
(75, 'view certificates', 'web', '2026-02-10 05:35:22', '2026-02-10 05:35:22'),
(76, 'generate certificates', 'web', '2026-02-10 05:35:22', '2026-02-10 05:35:22'),
(77, 'download certificates', 'web', '2026-02-10 05:35:22', '2026-02-10 05:35:22'),
(78, 'download modules', 'web', '2026-02-10 05:35:22', '2026-02-10 05:35:22'),
(79, 'unlimited quiz attempts', 'web', '2026-02-10 05:35:22', '2026-02-10 05:35:22'),
(80, 'access premium content', 'web', '2026-02-10 05:35:22', '2026-02-10 05:35:22'),
(81, 'view analytics', 'web', '2026-02-10 05:35:22', '2026-02-10 05:35:22'),
(82, 'view activity logs', 'web', '2026-02-10 05:35:22', '2026-02-10 05:35:22');

-- --------------------------------------------------------

--
-- Table structure for table `provinces`
--

CREATE TABLE `provinces` (
  `code` varchar(255) NOT NULL,
  `name` varchar(255) NOT NULL,
  `region_code` varchar(255) NOT NULL,
  `created_at` timestamp NULL DEFAULT NULL,
  `updated_at` timestamp NULL DEFAULT NULL
) ENGINE=InnoDB DEFAULT CHARSET=utf8mb4 COLLATE=utf8mb4_unicode_ci;

--
-- Dumping data for table `provinces`
--

INSERT INTO `provinces` (`code`, `name`, `region_code`, `created_at`, `updated_at`) VALUES
('402100000', 'Cavite', '400000000', '2026-02-10 22:25:59', '2026-02-10 22:25:59');

-- --------------------------------------------------------

--
-- Table structure for table `quizzes`
--

CREATE TABLE `quizzes` (
  `id` bigint(20) UNSIGNED NOT NULL,
  `module_id` bigint(20) UNSIGNED DEFAULT NULL,
  `lesson_id` bigint(20) UNSIGNED DEFAULT NULL,
  `title` varchar(255) NOT NULL,
  `description` text DEFAULT NULL,
  `passing_score` int(11) NOT NULL DEFAULT 70,
  `time_limit` int(11) DEFAULT NULL,
  `is_active` tinyint(1) NOT NULL DEFAULT 1,
  `created_at` timestamp NULL DEFAULT NULL,
  `updated_at` timestamp NULL DEFAULT NULL
) ENGINE=InnoDB DEFAULT CHARSET=utf8mb4 COLLATE=utf8mb4_unicode_ci;

-- --------------------------------------------------------

--
-- Table structure for table `quiz_attempts`
--

CREATE TABLE `quiz_attempts` (
  `id` bigint(20) UNSIGNED NOT NULL,
  `user_id` bigint(20) UNSIGNED NOT NULL,
  `quiz_id` bigint(20) UNSIGNED NOT NULL,
  `answers` longtext CHARACTER SET utf8mb4 COLLATE utf8mb4_bin DEFAULT NULL CHECK (json_valid(`answers`)),
  `score` int(11) NOT NULL DEFAULT 0,
  `passed` tinyint(1) NOT NULL DEFAULT 0,
  `started_at` timestamp NULL DEFAULT NULL,
  `completed_at` timestamp NULL DEFAULT NULL,
  `created_at` timestamp NULL DEFAULT NULL,
  `updated_at` timestamp NULL DEFAULT NULL
) ENGINE=InnoDB DEFAULT CHARSET=utf8mb4 COLLATE=utf8mb4_unicode_ci;

-- --------------------------------------------------------

--
-- Table structure for table `quiz_daily_limits`
--

CREATE TABLE `quiz_daily_limits` (
  `id` bigint(20) UNSIGNED NOT NULL,
  `user_id` bigint(20) UNSIGNED NOT NULL,
  `quiz_id` bigint(20) UNSIGNED NOT NULL,
  `attempts` int(11) NOT NULL DEFAULT 0,
  `date` date NOT NULL,
  `created_at` timestamp NULL DEFAULT NULL,
  `updated_at` timestamp NULL DEFAULT NULL
) ENGINE=InnoDB DEFAULT CHARSET=utf8mb4 COLLATE=utf8mb4_unicode_ci;

-- --------------------------------------------------------

--
-- Table structure for table `quiz_options`
--

CREATE TABLE `quiz_options` (
  `id` bigint(20) UNSIGNED NOT NULL,
  `quiz_question_id` bigint(20) UNSIGNED NOT NULL,
  `option_text` text NOT NULL,
  `is_correct` tinyint(1) NOT NULL DEFAULT 0,
  `order` int(11) NOT NULL DEFAULT 0,
  `created_at` timestamp NULL DEFAULT NULL,
  `updated_at` timestamp NULL DEFAULT NULL
) ENGINE=InnoDB DEFAULT CHARSET=utf8mb4 COLLATE=utf8mb4_unicode_ci;

-- --------------------------------------------------------

--
-- Table structure for table `quiz_questions`
--

CREATE TABLE `quiz_questions` (
  `id` bigint(20) UNSIGNED NOT NULL,
  `quiz_id` bigint(20) UNSIGNED NOT NULL,
  `question_text` text NOT NULL,
  `question_type` enum('multiple_choice','true_false','multiple_select') DEFAULT 'multiple_choice',
  `points` int(11) NOT NULL DEFAULT 1,
  `order` int(11) NOT NULL DEFAULT 0,
  `created_at` timestamp NULL DEFAULT NULL,
  `updated_at` timestamp NULL DEFAULT NULL
) ENGINE=InnoDB DEFAULT CHARSET=utf8mb4 COLLATE=utf8mb4_unicode_ci;

-- --------------------------------------------------------

--
-- Table structure for table `regions`
--

CREATE TABLE `regions` (
  `code` varchar(255) NOT NULL,
  `name` varchar(255) NOT NULL,
  `short_name` varchar(255) DEFAULT NULL,
  `created_at` timestamp NULL DEFAULT NULL,
  `updated_at` timestamp NULL DEFAULT NULL
) ENGINE=InnoDB DEFAULT CHARSET=utf8mb4 COLLATE=utf8mb4_unicode_ci;

--
-- Dumping data for table `regions`
--

INSERT INTO `regions` (`code`, `name`, `short_name`, `created_at`, `updated_at`) VALUES
('400000000', 'Region IV-A (CALABARZON)', 'Region IV-A (CALABARZON)', '2026-02-10 22:25:59', '2026-02-10 22:25:59');

-- --------------------------------------------------------

--
-- Table structure for table `rewards_logs`
--

CREATE TABLE `rewards_logs` (
  `id` bigint(20) UNSIGNED NOT NULL,
  `user_id` bigint(20) UNSIGNED NOT NULL,
  `achievement_id` bigint(20) UNSIGNED NOT NULL,
  `type` varchar(255) NOT NULL,
  `reason` varchar(255) DEFAULT NULL,
  `earned_at` timestamp NOT NULL DEFAULT current_timestamp() ON UPDATE current_timestamp(),
  `created_at` timestamp NULL DEFAULT NULL,
  `updated_at` timestamp NULL DEFAULT NULL
) ENGINE=InnoDB DEFAULT CHARSET=utf8mb4 COLLATE=utf8mb4_unicode_ci;

-- --------------------------------------------------------

--
-- Table structure for table `roles`
--

CREATE TABLE `roles` (
  `id` bigint(20) UNSIGNED NOT NULL,
  `name` varchar(255) NOT NULL,
  `guard_name` varchar(255) NOT NULL,
  `created_at` timestamp NULL DEFAULT NULL,
  `updated_at` timestamp NULL DEFAULT NULL
) ENGINE=InnoDB DEFAULT CHARSET=utf8mb4 COLLATE=utf8mb4_unicode_ci;

--
-- Dumping data for table `roles`
--

INSERT INTO `roles` (`id`, `name`, `guard_name`, `created_at`, `updated_at`) VALUES
(1, 'instructor', 'web', '2026-02-10 05:35:22', '2026-02-10 05:35:22'),
(2, 'admin', 'web', '2026-02-10 05:35:22', '2026-02-10 05:35:22'),
(3, 'learner', 'web', '2026-02-10 05:54:40', '2026-02-10 05:54:40');

-- --------------------------------------------------------

--
-- Table structure for table `role_has_permissions`
--

CREATE TABLE `role_has_permissions` (
  `permission_id` bigint(20) UNSIGNED NOT NULL,
  `role_id` bigint(20) UNSIGNED NOT NULL
) ENGINE=InnoDB DEFAULT CHARSET=utf8mb4 COLLATE=utf8mb4_unicode_ci;

--
-- Dumping data for table `role_has_permissions`
--

INSERT INTO `role_has_permissions` (`permission_id`, `role_id`) VALUES
(1, 1),
(1, 2),
(2, 1),
(2, 2),
(3, 1),
(3, 2),
(4, 1),
(4, 2),
(5, 1),
(5, 2),
(6, 1),
(6, 2),
(7, 1),
(7, 2),
(8, 1),
(8, 2),
(9, 1),
(9, 2),
(10, 1),
(10, 2),
(11, 1),
(11, 2),
(12, 1),
(12, 2),
(13, 1),
(13, 2),
(14, 1),
(14, 2),
(15, 1),
(15, 2),
(16, 1),
(16, 2),
(17, 1),
(17, 2),
(18, 1),
(18, 2),
(19, 1),
(19, 2),
(20, 1),
(20, 2),
(21, 1),
(21, 2),
(22, 1),
(22, 2),
(23, 1),
(23, 2),
(24, 1),
(24, 2),
(25, 2),
(26, 2),
(27, 2),
(28, 2),
(29, 2),
(30, 2),
(31, 2),
(32, 2),
(33, 2),
(34, 2),
(35, 2),
(36, 2),
(37, 2),
(38, 2),
(39, 2),
(40, 2),
(41, 2),
(42, 2);

-- --------------------------------------------------------

--
-- Table structure for table `seminars`
--

CREATE TABLE `seminars` (
  `id` bigint(20) UNSIGNED NOT NULL,
  `title` varchar(255) NOT NULL,
  `description` text DEFAULT NULL,
  `location` varchar(255) DEFAULT NULL,
  `schedule` timestamp NOT NULL DEFAULT current_timestamp() ON UPDATE current_timestamp(),
  `is_premium` tinyint(1) NOT NULL DEFAULT 0,
  `created_at` timestamp NULL DEFAULT NULL,
  `updated_at` timestamp NULL DEFAULT NULL
) ENGINE=InnoDB DEFAULT CHARSET=utf8mb4 COLLATE=utf8mb4_unicode_ci;

-- --------------------------------------------------------

--
-- Table structure for table `seminar_organizations`
--

CREATE TABLE `seminar_organizations` (
  `id` bigint(20) UNSIGNED NOT NULL,
  `seminar_id` bigint(20) UNSIGNED NOT NULL,
  `organization_id` bigint(20) UNSIGNED NOT NULL,
  `created_at` timestamp NULL DEFAULT NULL,
  `updated_at` timestamp NULL DEFAULT NULL
) ENGINE=InnoDB DEFAULT CHARSET=utf8mb4 COLLATE=utf8mb4_unicode_ci;

-- --------------------------------------------------------

--
-- Table structure for table `seminar_registrants`
--

CREATE TABLE `seminar_registrants` (
  `id` bigint(20) UNSIGNED NOT NULL,
  `seminar_id` bigint(20) UNSIGNED NOT NULL,
  `user_id` bigint(20) UNSIGNED NOT NULL,
  `status` enum('registered','attended','cancelled','no_show') NOT NULL DEFAULT 'registered',
  `registered_at` timestamp NOT NULL DEFAULT current_timestamp() ON UPDATE current_timestamp(),
  `attended_at` timestamp NULL DEFAULT NULL,
  `created_at` timestamp NULL DEFAULT NULL,
  `updated_at` timestamp NULL DEFAULT NULL
) ENGINE=InnoDB DEFAULT CHARSET=utf8mb4 COLLATE=utf8mb4_unicode_ci;

-- --------------------------------------------------------

--
-- Table structure for table `sessions`
--

CREATE TABLE `sessions` (
  `id` varchar(255) NOT NULL,
  `user_id` bigint(20) UNSIGNED DEFAULT NULL,
  `ip_address` varchar(45) DEFAULT NULL,
  `user_agent` text DEFAULT NULL,
  `payload` longtext NOT NULL,
  `last_activity` int(11) NOT NULL
) ENGINE=InnoDB DEFAULT CHARSET=utf8mb4 COLLATE=utf8mb4_unicode_ci;

--
-- Dumping data for table `sessions`
--

INSERT INTO `sessions` (`id`, `user_id`, `ip_address`, `user_agent`, `payload`, `last_activity`) VALUES
('8kX3P9NHi5k1eWI0YCERmPvVty9CoxHQyySkBppI', NULL, '127.0.0.1', 'Mozilla/5.0 (Windows NT 10.0; Win64; x64) AppleWebKit/537.36 (KHTML, like Gecko) Chrome/144.0.0.0 Safari/537.36', 'YTozOntzOjY6Il90b2tlbiI7czo0MDoiUmc5SllUbHdPdUdDZklvajk0MTFOT21CbEc0aEhxaW9rbFpxNE5rSSI7czo5OiJfcHJldmlvdXMiO2E6Mjp7czozOiJ1cmwiO3M6MjE6Imh0dHA6Ly8xMjcuMC4wLjE6ODAwMCI7czo1OiJyb3V0ZSI7czoxMzoibGVhcm5lci5sb2dpbiI7fXM6NjoiX2ZsYXNoIjthOjI6e3M6Mzoib2xkIjthOjA6e31zOjM6Im5ldyI7YTowOnt9fX0=', 1771300968),
('c4oiUHMRAYXCbpzDE3U8GDvLSV7nPr1yVNZbYtVK', 1, '127.0.0.1', 'Mozilla/5.0 (Windows NT 10.0; Win64; x64) AppleWebKit/537.36 (KHTML, like Gecko) Chrome/143.0.0.0 Safari/537.36 OPR/127.0.0.0 (Edition std-1)', 'YTo0OntzOjY6Il90b2tlbiI7czo0MDoiOTZTVE5odTFLczVHWTh5cmZOMzF5d1doWGEzd0dSc1NMRGxzRlJOcyI7czo2OiJfZmxhc2giO2E6Mjp7czozOiJvbGQiO2E6MDp7fXM6MzoibmV3IjthOjA6e319czo5OiJfcHJldmlvdXMiO2E6Mjp7czozOiJ1cmwiO3M6NDA6Imh0dHA6Ly8xMjcuMC4wLjE6ODAwMC9pbnN0cnVjdG9yL3F1aXp6ZXMiO3M6NToicm91dGUiO3M6MjQ6Imluc3RydWN0b3IucXVpenplcy5pbmRleCI7fXM6NTA6ImxvZ2luX3dlYl81OWJhMzZhZGRjMmIyZjk0MDE1ODBmMDE0YzdmNThlYTRlMzA5ODlkIjtpOjE7fQ==', 1771306809),
('CopjF89R7nDSjgpBJ6NNKkpWzc4nMwYf0LasgjVy', NULL, '127.0.0.1', 'Mozilla/5.0 (Windows NT 10.0; Win64; x64) AppleWebKit/537.36 (KHTML, like Gecko) Chrome/143.0.0.0 Safari/537.36 OPR/127.0.0.0 (Edition std-1)', 'YTozOntzOjY6Il90b2tlbiI7czo0MDoidnNQQVpQcDZUSmlmb3p5NmVJb3oxTjBNUERhc1JhdTUyZDF3MmRxdSI7czo5OiJfcHJldmlvdXMiO2E6Mjp7czozOiJ1cmwiO3M6MjE6Imh0dHA6Ly8xMjcuMC4wLjE6ODAwMCI7czo1OiJyb3V0ZSI7czoxMzoibGVhcm5lci5sb2dpbiI7fXM6NjoiX2ZsYXNoIjthOjI6e3M6Mzoib2xkIjthOjA6e31zOjM6Im5ldyI7YTowOnt9fX0=', 1771300968);

-- --------------------------------------------------------

--
-- Table structure for table `subscriptions`
--

CREATE TABLE `subscriptions` (
  `id` bigint(20) UNSIGNED NOT NULL,
  `user_id` bigint(20) UNSIGNED NOT NULL,
  `plan` enum('free','premium') NOT NULL DEFAULT 'free',
  `status` enum('active','expired','cancelled','pending') NOT NULL DEFAULT 'active',
  `start_date` date DEFAULT NULL,
  `end_date` date DEFAULT NULL,
  `created_at` timestamp NULL DEFAULT NULL,
  `updated_at` timestamp NULL DEFAULT NULL,
  `deleted_at` timestamp NULL DEFAULT NULL
) ENGINE=InnoDB DEFAULT CHARSET=utf8mb4 COLLATE=utf8mb4_unicode_ci;

-- --------------------------------------------------------

--
-- Table structure for table `users`
--

CREATE TABLE `users` (
  `id` bigint(20) UNSIGNED NOT NULL,
  `first_name` varchar(255) DEFAULT NULL,
  `middle_initial` varchar(10) DEFAULT NULL,
  `last_name` varchar(255) DEFAULT NULL,
  `suffix` varchar(10) DEFAULT NULL,
  `name` varchar(255) NOT NULL,
  `email` varchar(255) NOT NULL,
  `birthdate` date DEFAULT NULL,
  `age` int(11) DEFAULT NULL,
  `email_verified_at` timestamp NULL DEFAULT NULL,
  `password` varchar(255) NOT NULL,
  `role` enum('learner','organization','clinic','counselor','admin') NOT NULL DEFAULT 'learner',
  `status` enum('active','inactive','suspended') NOT NULL DEFAULT 'active',
  `verified` tinyint(1) NOT NULL DEFAULT 0,
  `remember_token` varchar(100) DEFAULT NULL,
  `created_at` timestamp NULL DEFAULT NULL,
  `updated_at` timestamp NULL DEFAULT NULL,
  `deleted_at` timestamp NULL DEFAULT NULL
) ENGINE=InnoDB DEFAULT CHARSET=utf8mb4 COLLATE=utf8mb4_unicode_ci;

--
-- Dumping data for table `users`
--

INSERT INTO `users` (`id`, `first_name`, `middle_initial`, `last_name`, `suffix`, `name`, `email`, `birthdate`, `age`, `email_verified_at`, `password`, `role`, `status`, `verified`, `remember_token`, `created_at`, `updated_at`, `deleted_at`) VALUES
(1, 'Jane', NULL, 'Smith', NULL, 'Jane Smith', 'instructor@test.com', NULL, NULL, NULL, '$2y$12$jGnTLUt7GOvqUoMeSoEXaeMHa6T1DFoaVhqGcvzGE9myQKiq9szVa', 'learner', 'active', 0, NULL, '2026-02-10 05:38:25', '2026-02-10 05:38:25', NULL),
(2, 'John', NULL, 'Doe', NULL, 'John Doe', 'learner@test.com', NULL, NULL, NULL, '$2y$12$rw6zy2KwB1b8FGyFjA.yy.JUWYdT1GLvNgoy.8FhagcOXkCrl/Joe', 'learner', 'active', 0, NULL, '2026-02-10 05:38:26', '2026-02-10 05:38:26', NULL),
(10, 'Parent', NULL, 'Test', NULL, 'Parent Test', 'emfushiguro77@gmail.com', '2005-01-01', 21, '2026-02-13 21:48:13', '$2y$12$tOwWK6AUFG5Ajpk.KVwQzekvxNnV.Q0mSd5e23SmoVF2YSnZ/JJVa', 'learner', 'active', 0, NULL, '2026-02-13 21:47:48', '2026-02-13 21:48:13', NULL),
(11, 'Child', NULL, 'Delola', NULL, 'Child Delola', 'childtest77@child.sexed-platform.local', '2020-01-01', 6, NULL, '$2y$12$nngbEjK8xndErEyPks.HhOrokX3muVwRN8xkUvs6GGwb1UvwFsGs2', 'learner', 'active', 0, NULL, '2026-02-13 22:54:41', '2026-02-13 22:54:41', NULL),
(12, 'Second', NULL, 'Child', NULL, 'Second Child', 'femalechild44@child.sexed-platform.local', '2021-01-01', 5, NULL, '$2y$12$oSkimevNx96XAJzdUbK0FOzwfIfHRFW4lzshEnHMqgpj5k1dvHWMW', 'learner', 'active', 0, NULL, '2026-02-13 23:08:58', '2026-02-13 23:08:58', NULL);

-- --------------------------------------------------------

--
-- Table structure for table `user_gamification`
--

CREATE TABLE `user_gamification` (
  `id` bigint(20) UNSIGNED NOT NULL,
  `user_id` bigint(20) UNSIGNED NOT NULL,
  `level` int(11) NOT NULL DEFAULT 1,
  `score` int(11) NOT NULL DEFAULT 0,
  `streak_count` int(11) NOT NULL DEFAULT 0,
  `last_act_at` timestamp NULL DEFAULT NULL,
  `created_at` timestamp NULL DEFAULT NULL,
  `updated_at` timestamp NULL DEFAULT NULL
) ENGINE=InnoDB DEFAULT CHARSET=utf8mb4 COLLATE=utf8mb4_unicode_ci;

-- --------------------------------------------------------

--
-- Table structure for table `user_gamifications`
--

CREATE TABLE `user_gamifications` (
  `id` bigint(20) UNSIGNED NOT NULL,
  `user_id` bigint(20) UNSIGNED NOT NULL,
  `level` int(11) NOT NULL DEFAULT 1,
  `score` int(11) NOT NULL DEFAULT 0,
  `total_points` int(11) NOT NULL DEFAULT 0,
  `streak_count` int(11) NOT NULL DEFAULT 0,
  `last_act_at` timestamp NULL DEFAULT NULL,
  `created_at` timestamp NULL DEFAULT NULL,
  `updated_at` timestamp NULL DEFAULT NULL
) ENGINE=InnoDB DEFAULT CHARSET=utf8mb4 COLLATE=utf8mb4_unicode_ci;

--
-- Dumping data for table `user_gamifications`
--

INSERT INTO `user_gamifications` (`id`, `user_id`, `level`, `score`, `total_points`, `streak_count`, `last_act_at`, `created_at`, `updated_at`) VALUES
(1, 1, 1, 0, 0, 0, NULL, '2026-02-10 05:38:25', '2026-02-10 05:38:25'),
(2, 2, 1, 0, 0, 0, NULL, '2026-02-10 05:38:26', '2026-02-10 05:38:26'),
(9, 10, 1, 0, 0, 0, NULL, '2026-02-13 21:47:48', '2026-02-13 21:47:48'),
(10, 11, 1, 30, 30, 0, NULL, '2026-02-13 22:54:41', '2026-02-16 21:08:23'),
(11, 12, 1, 10, 10, 0, NULL, '2026-02-13 23:08:58', '2026-02-15 00:12:33');

-- --------------------------------------------------------

--
-- Table structure for table `user_profiles`
--

CREATE TABLE `user_profiles` (
  `id` bigint(20) UNSIGNED NOT NULL,
  `user_id` bigint(20) UNSIGNED NOT NULL,
  `bio` text DEFAULT NULL,
  `birthdate` date DEFAULT NULL,
  `gender` enum('male','female','other','prefer_not_to_say') DEFAULT NULL,
  `location` varchar(255) DEFAULT NULL,
  `avatar` varchar(255) DEFAULT NULL,
  `contact` varchar(255) DEFAULT NULL,
  `created_at` timestamp NULL DEFAULT NULL,
  `updated_at` timestamp NULL DEFAULT NULL
) ENGINE=InnoDB DEFAULT CHARSET=utf8mb4 COLLATE=utf8mb4_unicode_ci;

-- --------------------------------------------------------

--
-- Table structure for table `user_progress`
--

CREATE TABLE `user_progress` (
  `id` bigint(20) UNSIGNED NOT NULL,
  `user_id` bigint(20) UNSIGNED NOT NULL,
  `module_id` bigint(20) UNSIGNED NOT NULL,
  `lesson_id` bigint(20) UNSIGNED NOT NULL,
  `completed` tinyint(1) NOT NULL DEFAULT 0,
  `progress_percentage` int(11) NOT NULL DEFAULT 0,
  `completed_lessons_count` int(11) NOT NULL DEFAULT 0,
  `last_accessed_at` timestamp NULL DEFAULT NULL,
  `completed_at` timestamp NULL DEFAULT NULL,
  `created_at` timestamp NULL DEFAULT NULL,
  `updated_at` timestamp NULL DEFAULT NULL
) ENGINE=InnoDB DEFAULT CHARSET=utf8mb4 COLLATE=utf8mb4_unicode_ci;

--
-- Dumping data for table `user_progress`
--

INSERT INTO `user_progress` (`id`, `user_id`, `module_id`, `lesson_id`, `completed`, `progress_percentage`, `completed_lessons_count`, `last_accessed_at`, `completed_at`, `created_at`, `updated_at`) VALUES
(1, 12, 2, 1, 1, 100, 0, NULL, '2026-02-15 00:12:33', '2026-02-15 00:12:33', '2026-02-15 00:12:33'),
(2, 11, 2, 1, 1, 100, 0, NULL, '2026-02-16 21:08:23', '2026-02-16 04:23:04', '2026-02-16 21:08:23');

--
-- Indexes for dumped tables
--

--
-- Indexes for table `achievements`
--
ALTER TABLE `achievements`
  ADD PRIMARY KEY (`id`);

--
-- Indexes for table `activity_logs`
--
ALTER TABLE `activity_logs`
  ADD PRIMARY KEY (`id`),
  ADD KEY `activity_logs_user_id_index` (`user_id`),
  ADD KEY `activity_logs_activity_type_index` (`activity_type`),
  ADD KEY `activity_logs_created_at_index` (`created_at`);

--
-- Indexes for table `barangays`
--
ALTER TABLE `barangays`
  ADD PRIMARY KEY (`code`),
  ADD KEY `barangays_city_code_name_index` (`city_code`,`name`),
  ADD KEY `barangays_city_code_index` (`city_code`);

--
-- Indexes for table `cache`
--
ALTER TABLE `cache`
  ADD PRIMARY KEY (`key`);

--
-- Indexes for table `cache_locks`
--
ALTER TABLE `cache_locks`
  ADD PRIMARY KEY (`key`);

--
-- Indexes for table `certificates`
--
ALTER TABLE `certificates`
  ADD PRIMARY KEY (`id`),
  ADD UNIQUE KEY `certificates_user_id_module_id_unique` (`user_id`,`module_id`),
  ADD UNIQUE KEY `certificates_certificate_number_unique` (`certificate_number`),
  ADD KEY `certificates_module_id_foreign` (`module_id`),
  ADD KEY `certificates_user_id_index` (`user_id`);

--
-- Indexes for table `cities`
--
ALTER TABLE `cities`
  ADD PRIMARY KEY (`code`),
  ADD KEY `cities_region_code_province_code_name_index` (`region_code`,`province_code`,`name`),
  ADD KEY `cities_region_code_index` (`region_code`),
  ADD KEY `cities_province_code_index` (`province_code`),
  ADD KEY `cities_is_city_index` (`is_city`),
  ADD KEY `cities_city_class_index` (`city_class`);

--
-- Indexes for table `clinics`
--
ALTER TABLE `clinics`
  ADD PRIMARY KEY (`id`),
  ADD KEY `clinics_approved_by_foreign` (`approved_by`),
  ADD KEY `clinics_approval_status_index` (`approval_status`),
  ADD KEY `clinics_user_id_index` (`user_id`);

--
-- Indexes for table `consultations`
--
ALTER TABLE `consultations`
  ADD PRIMARY KEY (`id`),
  ADD KEY `consultations_counselor_id_index` (`counselor_id`),
  ADD KEY `consultations_user_id_index` (`user_id`),
  ADD KEY `consultations_counselor_id_status_index` (`counselor_id`,`status`),
  ADD KEY `consultations_scheduled_at_index` (`scheduled_at`);

--
-- Indexes for table `counselors`
--
ALTER TABLE `counselors`
  ADD PRIMARY KEY (`id`),
  ADD KEY `counselors_approved_by_foreign` (`approved_by`),
  ADD KEY `counselors_approval_status_index` (`approval_status`),
  ADD KEY `counselors_user_id_index` (`user_id`);

--
-- Indexes for table `failed_jobs`
--
ALTER TABLE `failed_jobs`
  ADD PRIMARY KEY (`id`),
  ADD UNIQUE KEY `failed_jobs_uuid_unique` (`uuid`);

--
-- Indexes for table `jobs`
--
ALTER TABLE `jobs`
  ADD PRIMARY KEY (`id`),
  ADD KEY `jobs_queue_index` (`queue`);

--
-- Indexes for table `job_batches`
--
ALTER TABLE `job_batches`
  ADD PRIMARY KEY (`id`);

--
-- Indexes for table `learner_profiles`
--
ALTER TABLE `learner_profiles`
  ADD PRIMARY KEY (`id`),
  ADD UNIQUE KEY `learner_profiles_username_unique` (`username`),
  ADD KEY `learner_profiles_user_id_foreign` (`user_id`),
  ADD KEY `learner_profiles_city_code_foreign` (`city_code`),
  ADD KEY `learner_profiles_barangay_code_foreign` (`barangay_code`),
  ADD KEY `learner_profiles_parent_user_id_foreign` (`parent_user_id`),
  ADD KEY `learner_profiles_province_code_foreign` (`province_code`);

--
-- Indexes for table `lessons`
--
ALTER TABLE `lessons`
  ADD PRIMARY KEY (`id`),
  ADD KEY `lessons_module_id_order_index` (`module_id`,`order`);

--
-- Indexes for table `lesson_topics`
--
ALTER TABLE `lesson_topics`
  ADD PRIMARY KEY (`id`),
  ADD KEY `lesson_topics_lesson_id_foreign` (`lesson_id`),
  ADD KEY `lesson_topics_quiz_id_foreign` (`quiz_id`);

--
-- Indexes for table `lesson_topic_progress`
--
ALTER TABLE `lesson_topic_progress`
  ADD PRIMARY KEY (`id`),
  ADD UNIQUE KEY `lesson_topic_progress_user_id_lesson_topic_id_unique` (`user_id`,`lesson_topic_id`),
  ADD KEY `lesson_topic_progress_lesson_topic_id_foreign` (`lesson_topic_id`);

--
-- Indexes for table `migrations`
--
ALTER TABLE `migrations`
  ADD PRIMARY KEY (`id`);

--
-- Indexes for table `model_has_permissions`
--
ALTER TABLE `model_has_permissions`
  ADD PRIMARY KEY (`permission_id`,`model_id`,`model_type`),
  ADD KEY `model_has_permissions_model_id_model_type_index` (`model_id`,`model_type`);

--
-- Indexes for table `model_has_roles`
--
ALTER TABLE `model_has_roles`
  ADD PRIMARY KEY (`role_id`,`model_id`,`model_type`),
  ADD KEY `model_has_roles_model_id_model_type_index` (`model_id`,`model_type`);

--
-- Indexes for table `modules`
--
ALTER TABLE `modules`
  ADD PRIMARY KEY (`id`),
  ADD KEY `modules_order_index` (`order`),
  ADD KEY `modules_is_published_index` (`is_published`),
  ADD KEY `modules_final_quiz_id_foreign` (`final_quiz_id`),
  ADD KEY `modules_min_age_max_age_index` (`min_age`,`max_age`);

--
-- Indexes for table `module_attachments`
--
ALTER TABLE `module_attachments`
  ADD PRIMARY KEY (`id`),
  ADD KEY `module_attachments_module_id_index` (`module_id`),
  ADD KEY `module_attachments_is_premium_index` (`is_premium`);

--
-- Indexes for table `module_enrollments`
--
ALTER TABLE `module_enrollments`
  ADD PRIMARY KEY (`id`),
  ADD UNIQUE KEY `module_enrollments_user_id_module_id_unique` (`user_id`,`module_id`),
  ADD KEY `module_enrollments_module_id_foreign` (`module_id`),
  ADD KEY `module_enrollments_user_id_index` (`user_id`),
  ADD KEY `module_enrollments_user_id_completed_at_index` (`user_id`,`completed_at`),
  ADD KEY `module_enrollments_status_index` (`status`);

--
-- Indexes for table `organizations`
--
ALTER TABLE `organizations`
  ADD PRIMARY KEY (`id`),
  ADD KEY `organizations_user_id_foreign` (`user_id`);

--
-- Indexes for table `parent_child_accounts`
--
ALTER TABLE `parent_child_accounts`
  ADD PRIMARY KEY (`id`),
  ADD UNIQUE KEY `parent_child_accounts_parent_user_id_child_user_id_unique` (`parent_user_id`,`child_user_id`),
  ADD KEY `parent_child_accounts_child_user_id_foreign` (`child_user_id`);

--
-- Indexes for table `password_reset_tokens`
--
ALTER TABLE `password_reset_tokens`
  ADD PRIMARY KEY (`email`);

--
-- Indexes for table `payments`
--
ALTER TABLE `payments`
  ADD PRIMARY KEY (`id`),
  ADD UNIQUE KEY `payments_transaction_id_unique` (`transaction_id`),
  ADD KEY `payments_user_id_foreign` (`user_id`),
  ADD KEY `payments_subscription_id_foreign` (`subscription_id`);

--
-- Indexes for table `permissions`
--
ALTER TABLE `permissions`
  ADD PRIMARY KEY (`id`),
  ADD UNIQUE KEY `permissions_name_guard_name_unique` (`name`,`guard_name`);

--
-- Indexes for table `provinces`
--
ALTER TABLE `provinces`
  ADD PRIMARY KEY (`code`),
  ADD KEY `provinces_region_code_name_index` (`region_code`,`name`),
  ADD KEY `provinces_region_code_index` (`region_code`);

--
-- Indexes for table `quizzes`
--
ALTER TABLE `quizzes`
  ADD PRIMARY KEY (`id`),
  ADD KEY `quizzes_module_id_index` (`module_id`),
  ADD KEY `quizzes_lesson_id_index` (`lesson_id`);

--
-- Indexes for table `quiz_attempts`
--
ALTER TABLE `quiz_attempts`
  ADD PRIMARY KEY (`id`),
  ADD KEY `quiz_attempts_quiz_id_foreign` (`quiz_id`),
  ADD KEY `quiz_attempts_user_id_quiz_id_index` (`user_id`,`quiz_id`);

--
-- Indexes for table `quiz_daily_limits`
--
ALTER TABLE `quiz_daily_limits`
  ADD PRIMARY KEY (`id`),
  ADD UNIQUE KEY `quiz_daily_limits_user_id_quiz_id_date_unique` (`user_id`,`quiz_id`,`date`),
  ADD KEY `quiz_daily_limits_quiz_id_foreign` (`quiz_id`);

--
-- Indexes for table `quiz_options`
--
ALTER TABLE `quiz_options`
  ADD PRIMARY KEY (`id`),
  ADD KEY `quiz_options_quiz_question_id_order_index` (`quiz_question_id`,`order`);

--
-- Indexes for table `quiz_questions`
--
ALTER TABLE `quiz_questions`
  ADD PRIMARY KEY (`id`),
  ADD KEY `quiz_questions_quiz_id_order_index` (`quiz_id`,`order`);

--
-- Indexes for table `regions`
--
ALTER TABLE `regions`
  ADD PRIMARY KEY (`code`),
  ADD KEY `regions_name_index` (`name`);

--
-- Indexes for table `rewards_logs`
--
ALTER TABLE `rewards_logs`
  ADD PRIMARY KEY (`id`),
  ADD KEY `rewards_logs_achievement_id_foreign` (`achievement_id`),
  ADD KEY `rewards_logs_user_id_achievement_id_index` (`user_id`,`achievement_id`);

--
-- Indexes for table `roles`
--
ALTER TABLE `roles`
  ADD PRIMARY KEY (`id`),
  ADD UNIQUE KEY `roles_name_guard_name_unique` (`name`,`guard_name`);

--
-- Indexes for table `role_has_permissions`
--
ALTER TABLE `role_has_permissions`
  ADD PRIMARY KEY (`permission_id`,`role_id`),
  ADD KEY `role_has_permissions_role_id_foreign` (`role_id`);

--
-- Indexes for table `seminars`
--
ALTER TABLE `seminars`
  ADD PRIMARY KEY (`id`),
  ADD KEY `seminars_schedule_index` (`schedule`);

--
-- Indexes for table `seminar_organizations`
--
ALTER TABLE `seminar_organizations`
  ADD PRIMARY KEY (`id`),
  ADD UNIQUE KEY `seminar_organizations_seminar_id_organization_id_unique` (`seminar_id`,`organization_id`),
  ADD KEY `seminar_organizations_organization_id_foreign` (`organization_id`);

--
-- Indexes for table `seminar_registrants`
--
ALTER TABLE `seminar_registrants`
  ADD PRIMARY KEY (`id`),
  ADD UNIQUE KEY `seminar_registrants_seminar_id_user_id_unique` (`seminar_id`,`user_id`),
  ADD KEY `seminar_registrants_user_id_index` (`user_id`),
  ADD KEY `seminar_registrants_seminar_id_status_index` (`seminar_id`,`status`);

--
-- Indexes for table `sessions`
--
ALTER TABLE `sessions`
  ADD PRIMARY KEY (`id`),
  ADD KEY `sessions_user_id_index` (`user_id`),
  ADD KEY `sessions_last_activity_index` (`last_activity`);

--
-- Indexes for table `subscriptions`
--
ALTER TABLE `subscriptions`
  ADD PRIMARY KEY (`id`),
  ADD KEY `subscriptions_user_id_status_index` (`user_id`,`status`);

--
-- Indexes for table `users`
--
ALTER TABLE `users`
  ADD PRIMARY KEY (`id`),
  ADD UNIQUE KEY `users_email_unique` (`email`);

--
-- Indexes for table `user_gamification`
--
ALTER TABLE `user_gamification`
  ADD PRIMARY KEY (`id`),
  ADD UNIQUE KEY `user_gamification_user_id_unique` (`user_id`),
  ADD KEY `user_gamification_score_index` (`score`),
  ADD KEY `user_gamification_level_index` (`level`);

--
-- Indexes for table `user_gamifications`
--
ALTER TABLE `user_gamifications`
  ADD PRIMARY KEY (`id`),
  ADD KEY `user_gamifications_user_id_foreign` (`user_id`);

--
-- Indexes for table `user_profiles`
--
ALTER TABLE `user_profiles`
  ADD PRIMARY KEY (`id`),
  ADD KEY `user_profiles_user_id_foreign` (`user_id`);

--
-- Indexes for table `user_progress`
--
ALTER TABLE `user_progress`
  ADD PRIMARY KEY (`id`),
  ADD UNIQUE KEY `user_progress_user_id_lesson_id_unique` (`user_id`,`lesson_id`),
  ADD KEY `user_progress_module_id_foreign` (`module_id`),
  ADD KEY `user_progress_lesson_id_foreign` (`lesson_id`),
  ADD KEY `user_progress_user_id_index` (`user_id`),
  ADD KEY `user_progress_user_id_module_id_index` (`user_id`,`module_id`);

--
-- AUTO_INCREMENT for dumped tables
--

--
-- AUTO_INCREMENT for table `achievements`
--
ALTER TABLE `achievements`
  MODIFY `id` bigint(20) UNSIGNED NOT NULL AUTO_INCREMENT;

--
-- AUTO_INCREMENT for table `activity_logs`
--
ALTER TABLE `activity_logs`
  MODIFY `id` bigint(20) UNSIGNED NOT NULL AUTO_INCREMENT;

--
-- AUTO_INCREMENT for table `certificates`
--
ALTER TABLE `certificates`
  MODIFY `id` bigint(20) UNSIGNED NOT NULL AUTO_INCREMENT;

--
-- AUTO_INCREMENT for table `clinics`
--
ALTER TABLE `clinics`
  MODIFY `id` bigint(20) UNSIGNED NOT NULL AUTO_INCREMENT;

--
-- AUTO_INCREMENT for table `consultations`
--
ALTER TABLE `consultations`
  MODIFY `id` bigint(20) UNSIGNED NOT NULL AUTO_INCREMENT;

--
-- AUTO_INCREMENT for table `counselors`
--
ALTER TABLE `counselors`
  MODIFY `id` bigint(20) UNSIGNED NOT NULL AUTO_INCREMENT;

--
-- AUTO_INCREMENT for table `failed_jobs`
--
ALTER TABLE `failed_jobs`
  MODIFY `id` bigint(20) UNSIGNED NOT NULL AUTO_INCREMENT;

--
-- AUTO_INCREMENT for table `jobs`
--
ALTER TABLE `jobs`
  MODIFY `id` bigint(20) UNSIGNED NOT NULL AUTO_INCREMENT;

--
-- AUTO_INCREMENT for table `learner_profiles`
--
ALTER TABLE `learner_profiles`
  MODIFY `id` bigint(20) UNSIGNED NOT NULL AUTO_INCREMENT, AUTO_INCREMENT=7;

--
-- AUTO_INCREMENT for table `lessons`
--
ALTER TABLE `lessons`
  MODIFY `id` bigint(20) UNSIGNED NOT NULL AUTO_INCREMENT, AUTO_INCREMENT=3;

--
-- AUTO_INCREMENT for table `lesson_topics`
--
ALTER TABLE `lesson_topics`
  MODIFY `id` bigint(20) UNSIGNED NOT NULL AUTO_INCREMENT, AUTO_INCREMENT=12;

--
-- AUTO_INCREMENT for table `lesson_topic_progress`
--
ALTER TABLE `lesson_topic_progress`
  MODIFY `id` bigint(20) UNSIGNED NOT NULL AUTO_INCREMENT, AUTO_INCREMENT=9;

--
-- AUTO_INCREMENT for table `migrations`
--
ALTER TABLE `migrations`
  MODIFY `id` int(10) UNSIGNED NOT NULL AUTO_INCREMENT, AUTO_INCREMENT=65;

--
-- AUTO_INCREMENT for table `modules`
--
ALTER TABLE `modules`
  MODIFY `id` bigint(20) UNSIGNED NOT NULL AUTO_INCREMENT, AUTO_INCREMENT=4;

--
-- AUTO_INCREMENT for table `module_attachments`
--
ALTER TABLE `module_attachments`
  MODIFY `id` bigint(20) UNSIGNED NOT NULL AUTO_INCREMENT;

--
-- AUTO_INCREMENT for table `module_enrollments`
--
ALTER TABLE `module_enrollments`
  MODIFY `id` bigint(20) UNSIGNED NOT NULL AUTO_INCREMENT, AUTO_INCREMENT=8;

--
-- AUTO_INCREMENT for table `organizations`
--
ALTER TABLE `organizations`
  MODIFY `id` bigint(20) UNSIGNED NOT NULL AUTO_INCREMENT;

--
-- AUTO_INCREMENT for table `parent_child_accounts`
--
ALTER TABLE `parent_child_accounts`
  MODIFY `id` bigint(20) UNSIGNED NOT NULL AUTO_INCREMENT, AUTO_INCREMENT=3;

--
-- AUTO_INCREMENT for table `payments`
--
ALTER TABLE `payments`
  MODIFY `id` bigint(20) UNSIGNED NOT NULL AUTO_INCREMENT;

--
-- AUTO_INCREMENT for table `permissions`
--
ALTER TABLE `permissions`
  MODIFY `id` bigint(20) UNSIGNED NOT NULL AUTO_INCREMENT, AUTO_INCREMENT=83;

--
-- AUTO_INCREMENT for table `quizzes`
--
ALTER TABLE `quizzes`
  MODIFY `id` bigint(20) UNSIGNED NOT NULL AUTO_INCREMENT;

--
-- AUTO_INCREMENT for table `quiz_attempts`
--
ALTER TABLE `quiz_attempts`
  MODIFY `id` bigint(20) UNSIGNED NOT NULL AUTO_INCREMENT;

--
-- AUTO_INCREMENT for table `quiz_daily_limits`
--
ALTER TABLE `quiz_daily_limits`
  MODIFY `id` bigint(20) UNSIGNED NOT NULL AUTO_INCREMENT;

--
-- AUTO_INCREMENT for table `quiz_options`
--
ALTER TABLE `quiz_options`
  MODIFY `id` bigint(20) UNSIGNED NOT NULL AUTO_INCREMENT;

--
-- AUTO_INCREMENT for table `quiz_questions`
--
ALTER TABLE `quiz_questions`
  MODIFY `id` bigint(20) UNSIGNED NOT NULL AUTO_INCREMENT;

--
-- AUTO_INCREMENT for table `rewards_logs`
--
ALTER TABLE `rewards_logs`
  MODIFY `id` bigint(20) UNSIGNED NOT NULL AUTO_INCREMENT;

--
-- AUTO_INCREMENT for table `roles`
--
ALTER TABLE `roles`
  MODIFY `id` bigint(20) UNSIGNED NOT NULL AUTO_INCREMENT, AUTO_INCREMENT=4;

--
-- AUTO_INCREMENT for table `seminars`
--
ALTER TABLE `seminars`
  MODIFY `id` bigint(20) UNSIGNED NOT NULL AUTO_INCREMENT;

--
-- AUTO_INCREMENT for table `seminar_organizations`
--
ALTER TABLE `seminar_organizations`
  MODIFY `id` bigint(20) UNSIGNED NOT NULL AUTO_INCREMENT;

--
-- AUTO_INCREMENT for table `seminar_registrants`
--
ALTER TABLE `seminar_registrants`
  MODIFY `id` bigint(20) UNSIGNED NOT NULL AUTO_INCREMENT;

--
-- AUTO_INCREMENT for table `subscriptions`
--
ALTER TABLE `subscriptions`
  MODIFY `id` bigint(20) UNSIGNED NOT NULL AUTO_INCREMENT;

--
-- AUTO_INCREMENT for table `users`
--
ALTER TABLE `users`
  MODIFY `id` bigint(20) UNSIGNED NOT NULL AUTO_INCREMENT, AUTO_INCREMENT=13;

--
-- AUTO_INCREMENT for table `user_gamification`
--
ALTER TABLE `user_gamification`
  MODIFY `id` bigint(20) UNSIGNED NOT NULL AUTO_INCREMENT;

--
-- AUTO_INCREMENT for table `user_gamifications`
--
ALTER TABLE `user_gamifications`
  MODIFY `id` bigint(20) UNSIGNED NOT NULL AUTO_INCREMENT, AUTO_INCREMENT=12;

--
-- AUTO_INCREMENT for table `user_profiles`
--
ALTER TABLE `user_profiles`
  MODIFY `id` bigint(20) UNSIGNED NOT NULL AUTO_INCREMENT;

--
-- AUTO_INCREMENT for table `user_progress`
--
ALTER TABLE `user_progress`
  MODIFY `id` bigint(20) UNSIGNED NOT NULL AUTO_INCREMENT, AUTO_INCREMENT=3;

--
-- Constraints for dumped tables
--

--
-- Constraints for table `activity_logs`
--
ALTER TABLE `activity_logs`
  ADD CONSTRAINT `activity_logs_user_id_foreign` FOREIGN KEY (`user_id`) REFERENCES `users` (`id`) ON DELETE SET NULL;

--
-- Constraints for table `certificates`
--
ALTER TABLE `certificates`
  ADD CONSTRAINT `certificates_module_id_foreign` FOREIGN KEY (`module_id`) REFERENCES `modules` (`id`) ON DELETE CASCADE,
  ADD CONSTRAINT `certificates_user_id_foreign` FOREIGN KEY (`user_id`) REFERENCES `users` (`id`) ON DELETE CASCADE;

--
-- Constraints for table `clinics`
--
ALTER TABLE `clinics`
  ADD CONSTRAINT `clinics_approved_by_foreign` FOREIGN KEY (`approved_by`) REFERENCES `users` (`id`) ON DELETE SET NULL,
  ADD CONSTRAINT `clinics_user_id_foreign` FOREIGN KEY (`user_id`) REFERENCES `users` (`id`) ON DELETE CASCADE;

--
-- Constraints for table `consultations`
--
ALTER TABLE `consultations`
  ADD CONSTRAINT `consultations_counselor_id_foreign` FOREIGN KEY (`counselor_id`) REFERENCES `counselors` (`id`) ON DELETE CASCADE,
  ADD CONSTRAINT `consultations_user_id_foreign` FOREIGN KEY (`user_id`) REFERENCES `users` (`id`) ON DELETE CASCADE;

--
-- Constraints for table `counselors`
--
ALTER TABLE `counselors`
  ADD CONSTRAINT `counselors_approved_by_foreign` FOREIGN KEY (`approved_by`) REFERENCES `users` (`id`) ON DELETE SET NULL,
  ADD CONSTRAINT `counselors_user_id_foreign` FOREIGN KEY (`user_id`) REFERENCES `users` (`id`) ON DELETE CASCADE;

--
-- Constraints for table `learner_profiles`
--
ALTER TABLE `learner_profiles`
  ADD CONSTRAINT `learner_profiles_barangay_code_foreign` FOREIGN KEY (`barangay_code`) REFERENCES `barangays` (`code`) ON DELETE SET NULL,
  ADD CONSTRAINT `learner_profiles_city_code_foreign` FOREIGN KEY (`city_code`) REFERENCES `cities` (`code`) ON DELETE SET NULL,
  ADD CONSTRAINT `learner_profiles_parent_user_id_foreign` FOREIGN KEY (`parent_user_id`) REFERENCES `users` (`id`) ON DELETE CASCADE,
  ADD CONSTRAINT `learner_profiles_province_code_foreign` FOREIGN KEY (`province_code`) REFERENCES `provinces` (`code`) ON DELETE SET NULL,
  ADD CONSTRAINT `learner_profiles_user_id_foreign` FOREIGN KEY (`user_id`) REFERENCES `users` (`id`) ON DELETE CASCADE;

--
-- Constraints for table `lessons`
--
ALTER TABLE `lessons`
  ADD CONSTRAINT `lessons_module_id_foreign` FOREIGN KEY (`module_id`) REFERENCES `modules` (`id`) ON DELETE CASCADE;

--
-- Constraints for table `lesson_topics`
--
ALTER TABLE `lesson_topics`
  ADD CONSTRAINT `lesson_topics_lesson_id_foreign` FOREIGN KEY (`lesson_id`) REFERENCES `lessons` (`id`) ON DELETE CASCADE,
  ADD CONSTRAINT `lesson_topics_quiz_id_foreign` FOREIGN KEY (`quiz_id`) REFERENCES `quizzes` (`id`) ON DELETE SET NULL;

--
-- Constraints for table `lesson_topic_progress`
--
ALTER TABLE `lesson_topic_progress`
  ADD CONSTRAINT `lesson_topic_progress_lesson_topic_id_foreign` FOREIGN KEY (`lesson_topic_id`) REFERENCES `lesson_topics` (`id`) ON DELETE CASCADE,
  ADD CONSTRAINT `lesson_topic_progress_user_id_foreign` FOREIGN KEY (`user_id`) REFERENCES `users` (`id`) ON DELETE CASCADE;

--
-- Constraints for table `model_has_permissions`
--
ALTER TABLE `model_has_permissions`
  ADD CONSTRAINT `model_has_permissions_permission_id_foreign` FOREIGN KEY (`permission_id`) REFERENCES `permissions` (`id`) ON DELETE CASCADE;

--
-- Constraints for table `model_has_roles`
--
ALTER TABLE `model_has_roles`
  ADD CONSTRAINT `model_has_roles_role_id_foreign` FOREIGN KEY (`role_id`) REFERENCES `roles` (`id`) ON DELETE CASCADE;

--
-- Constraints for table `modules`
--
ALTER TABLE `modules`
  ADD CONSTRAINT `modules_final_quiz_id_foreign` FOREIGN KEY (`final_quiz_id`) REFERENCES `quizzes` (`id`) ON DELETE SET NULL;

--
-- Constraints for table `module_attachments`
--
ALTER TABLE `module_attachments`
  ADD CONSTRAINT `module_attachments_module_id_foreign` FOREIGN KEY (`module_id`) REFERENCES `modules` (`id`) ON DELETE CASCADE;

--
-- Constraints for table `module_enrollments`
--
ALTER TABLE `module_enrollments`
  ADD CONSTRAINT `module_enrollments_module_id_foreign` FOREIGN KEY (`module_id`) REFERENCES `modules` (`id`) ON DELETE CASCADE,
  ADD CONSTRAINT `module_enrollments_user_id_foreign` FOREIGN KEY (`user_id`) REFERENCES `users` (`id`) ON DELETE CASCADE;

--
-- Constraints for table `organizations`
--
ALTER TABLE `organizations`
  ADD CONSTRAINT `organizations_user_id_foreign` FOREIGN KEY (`user_id`) REFERENCES `users` (`id`) ON DELETE CASCADE;

--
-- Constraints for table `parent_child_accounts`
--
ALTER TABLE `parent_child_accounts`
  ADD CONSTRAINT `parent_child_accounts_child_user_id_foreign` FOREIGN KEY (`child_user_id`) REFERENCES `users` (`id`) ON DELETE CASCADE,
  ADD CONSTRAINT `parent_child_accounts_parent_user_id_foreign` FOREIGN KEY (`parent_user_id`) REFERENCES `users` (`id`) ON DELETE CASCADE;

--
-- Constraints for table `payments`
--
ALTER TABLE `payments`
  ADD CONSTRAINT `payments_subscription_id_foreign` FOREIGN KEY (`subscription_id`) REFERENCES `subscriptions` (`id`) ON DELETE SET NULL,
  ADD CONSTRAINT `payments_user_id_foreign` FOREIGN KEY (`user_id`) REFERENCES `users` (`id`) ON DELETE CASCADE;

--
-- Constraints for table `quizzes`
--
ALTER TABLE `quizzes`
  ADD CONSTRAINT `quizzes_lesson_id_foreign` FOREIGN KEY (`lesson_id`) REFERENCES `lessons` (`id`) ON DELETE CASCADE,
  ADD CONSTRAINT `quizzes_module_id_foreign` FOREIGN KEY (`module_id`) REFERENCES `modules` (`id`) ON DELETE CASCADE;

--
-- Constraints for table `quiz_attempts`
--
ALTER TABLE `quiz_attempts`
  ADD CONSTRAINT `quiz_attempts_quiz_id_foreign` FOREIGN KEY (`quiz_id`) REFERENCES `quizzes` (`id`) ON DELETE CASCADE,
  ADD CONSTRAINT `quiz_attempts_user_id_foreign` FOREIGN KEY (`user_id`) REFERENCES `users` (`id`) ON DELETE CASCADE;

--
-- Constraints for table `quiz_daily_limits`
--
ALTER TABLE `quiz_daily_limits`
  ADD CONSTRAINT `quiz_daily_limits_quiz_id_foreign` FOREIGN KEY (`quiz_id`) REFERENCES `quizzes` (`id`) ON DELETE CASCADE,
  ADD CONSTRAINT `quiz_daily_limits_user_id_foreign` FOREIGN KEY (`user_id`) REFERENCES `users` (`id`) ON DELETE CASCADE;

--
-- Constraints for table `quiz_options`
--
ALTER TABLE `quiz_options`
  ADD CONSTRAINT `quiz_options_quiz_question_id_foreign` FOREIGN KEY (`quiz_question_id`) REFERENCES `quiz_questions` (`id`) ON DELETE CASCADE;

--
-- Constraints for table `quiz_questions`
--
ALTER TABLE `quiz_questions`
  ADD CONSTRAINT `quiz_questions_quiz_id_foreign` FOREIGN KEY (`quiz_id`) REFERENCES `quizzes` (`id`) ON DELETE CASCADE;

--
-- Constraints for table `rewards_logs`
--
ALTER TABLE `rewards_logs`
  ADD CONSTRAINT `rewards_logs_achievement_id_foreign` FOREIGN KEY (`achievement_id`) REFERENCES `achievements` (`id`) ON DELETE CASCADE,
  ADD CONSTRAINT `rewards_logs_user_id_foreign` FOREIGN KEY (`user_id`) REFERENCES `users` (`id`) ON DELETE CASCADE;

--
-- Constraints for table `role_has_permissions`
--
ALTER TABLE `role_has_permissions`
  ADD CONSTRAINT `role_has_permissions_permission_id_foreign` FOREIGN KEY (`permission_id`) REFERENCES `permissions` (`id`) ON DELETE CASCADE,
  ADD CONSTRAINT `role_has_permissions_role_id_foreign` FOREIGN KEY (`role_id`) REFERENCES `roles` (`id`) ON DELETE CASCADE;

--
-- Constraints for table `seminar_organizations`
--
ALTER TABLE `seminar_organizations`
  ADD CONSTRAINT `seminar_organizations_organization_id_foreign` FOREIGN KEY (`organization_id`) REFERENCES `organizations` (`id`) ON DELETE CASCADE,
  ADD CONSTRAINT `seminar_organizations_seminar_id_foreign` FOREIGN KEY (`seminar_id`) REFERENCES `seminars` (`id`) ON DELETE CASCADE;

--
-- Constraints for table `seminar_registrants`
--
ALTER TABLE `seminar_registrants`
  ADD CONSTRAINT `seminar_registrants_seminar_id_foreign` FOREIGN KEY (`seminar_id`) REFERENCES `seminars` (`id`) ON DELETE CASCADE,
  ADD CONSTRAINT `seminar_registrants_user_id_foreign` FOREIGN KEY (`user_id`) REFERENCES `users` (`id`) ON DELETE CASCADE;

--
-- Constraints for table `subscriptions`
--
ALTER TABLE `subscriptions`
  ADD CONSTRAINT `subscriptions_user_id_foreign` FOREIGN KEY (`user_id`) REFERENCES `users` (`id`) ON DELETE CASCADE;

--
-- Constraints for table `user_gamification`
--
ALTER TABLE `user_gamification`
  ADD CONSTRAINT `user_gamification_user_id_foreign` FOREIGN KEY (`user_id`) REFERENCES `users` (`id`) ON DELETE CASCADE;

--
-- Constraints for table `user_gamifications`
--
ALTER TABLE `user_gamifications`
  ADD CONSTRAINT `user_gamifications_user_id_foreign` FOREIGN KEY (`user_id`) REFERENCES `users` (`id`) ON DELETE CASCADE;

--
-- Constraints for table `user_profiles`
--
ALTER TABLE `user_profiles`
  ADD CONSTRAINT `user_profiles_user_id_foreign` FOREIGN KEY (`user_id`) REFERENCES `users` (`id`) ON DELETE CASCADE;

--
-- Constraints for table `user_progress`
--
ALTER TABLE `user_progress`
  ADD CONSTRAINT `user_progress_lesson_id_foreign` FOREIGN KEY (`lesson_id`) REFERENCES `lessons` (`id`) ON DELETE CASCADE,
  ADD CONSTRAINT `user_progress_module_id_foreign` FOREIGN KEY (`module_id`) REFERENCES `modules` (`id`) ON DELETE CASCADE,
  ADD CONSTRAINT `user_progress_user_id_foreign` FOREIGN KEY (`user_id`) REFERENCES `users` (`id`) ON DELETE CASCADE;
COMMIT;

/*!40101 SET CHARACTER_SET_CLIENT=@OLD_CHARACTER_SET_CLIENT */;
/*!40101 SET CHARACTER_SET_RESULTS=@OLD_CHARACTER_SET_RESULTS */;
/*!40101 SET COLLATION_CONNECTION=@OLD_COLLATION_CONNECTION */;
